	BN2_C	BN2_H	BN2_W	time_cost
0	512.0	28.0	28.0	2323.0
1	128.0	28.0	28.0	601.0
2	512.0	28.0	28.0	2355.0
3	512.0	28.0	28.0	2326.0
4	512.0	28.0	28.0	2352.0
5	1024.0	14.0	14.0	1128.0
6	1024.0	14.0	14.0	1120.0
7	1024.0	14.0	14.0	1203.0
8	1024.0	14.0	14.0	1116.0
9	1024.0	14.0	14.0	1200.0
10	1024.0	14.0	14.0	1234.0
11	2048.0	7.0	7.0	638.0
12	2048.0	7.0	7.0	562.0
13	7.0	7.0	2048.0	639.0
14	512.0	28.0	28.0	2276.0
15	128.0	28.0	28.0	591.0
16	512.0	28.0	28.0	2295.0
17	512.0	28.0	28.0	2387.0
18	512.0	28.0	28.0	2311.0
19	1024.0	14.0	14.0	1158.0
20	1024.0	14.0	14.0	1164.0
21	1024.0	14.0	14.0	1201.0
22	1024.0	14.0	14.0	1164.0
23	1024.0	14.0	14.0	1182.0
24	1024.0	14.0	14.0	1130.0
25	2048.0	7.0	7.0	549.0
26	2048.0	7.0	7.0	582.0
27	7.0	7.0	2048.0	560.0
28	512.0	28.0	28.0	2262.0
29	128.0	28.0	28.0	523.0
30	512.0	28.0	28.0	2438.0
31	512.0	28.0	28.0	2314.0
32	512.0	28.0	28.0	2363.0
33	1024.0	14.0	14.0	1178.0
34	1024.0	14.0	14.0	1160.0
35	1024.0	14.0	14.0	1175.0
36	1024.0	14.0	14.0	1192.0
37	1024.0	14.0	14.0	1158.0
38	1024.0	14.0	14.0	1172.0
39	2048.0	7.0	7.0	541.0
40	2048.0	7.0	7.0	562.0
41	7.0	7.0	2048.0	589.0
42	512.0	28.0	28.0	2309.0
43	128.0	28.0	28.0	608.0
44	512.0	28.0	28.0	2386.0
45	512.0	28.0	28.0	2352.0
46	512.0	28.0	28.0	2318.0
47	1024.0	14.0	14.0	1179.0
48	1024.0	14.0	14.0	1149.0
49	1024.0	14.0	14.0	1163.0
50	1024.0	14.0	14.0	1202.0
51	1024.0	14.0	14.0	1146.0
52	1024.0	14.0	14.0	1181.0
53	2048.0	7.0	7.0	583.0
54	2048.0	7.0	7.0	561.0
55	7.0	7.0	2048.0	590.0
56	512.0	28.0	28.0	2353.0
57	128.0	28.0	28.0	615.0
58	512.0	28.0	28.0	2340.0
59	512.0	28.0	28.0	2353.0
60	512.0	28.0	28.0	2273.0
61	1024.0	14.0	14.0	1147.0
62	1024.0	14.0	14.0	1121.0
63	1024.0	14.0	14.0	1176.0
64	1024.0	14.0	14.0	1227.0
65	1024.0	14.0	14.0	1179.0
66	1024.0	14.0	14.0	1193.0
67	2048.0	7.0	7.0	627.0
68	2048.0	7.0	7.0	598.0
69	7.0	7.0	2048.0	615.0
70	512.0	28.0	28.0	2347.0
71	128.0	28.0	28.0	616.0
72	512.0	28.0	28.0	2387.0
73	512.0	28.0	28.0	2377.0
74	512.0	28.0	28.0	2270.0
75	1024.0	14.0	14.0	1190.0
76	1024.0	14.0	14.0	1117.0
77	1024.0	14.0	14.0	1110.0
78	1024.0	14.0	14.0	1185.0
79	1024.0	14.0	14.0	1103.0
80	1024.0	14.0	14.0	1153.0
81	2048.0	7.0	7.0	624.0
82	2048.0	7.0	7.0	584.0
83	7.0	7.0	2048.0	506.0
84	512.0	28.0	28.0	2347.0
85	128.0	28.0	28.0	602.0
86	512.0	28.0	28.0	2349.0
87	512.0	28.0	28.0	2391.0
88	512.0	28.0	28.0	2331.0
89	1024.0	14.0	14.0	1121.0
90	1024.0	14.0	14.0	1143.0
91	1024.0	14.0	14.0	1135.0
92	1024.0	14.0	14.0	1225.0
93	1024.0	14.0	14.0	1189.0
94	1024.0	14.0	14.0	1148.0
95	2048.0	7.0	7.0	539.0
96	2048.0	7.0	7.0	560.0
97	7.0	7.0	2048.0	628.0
98	512.0	28.0	28.0	2348.0
99	128.0	28.0	28.0	538.0
100	512.0	28.0	28.0	2341.0
101	512.0	28.0	28.0	2316.0
102	512.0	28.0	28.0	2284.0
103	1024.0	14.0	14.0	1226.0
104	1024.0	14.0	14.0	1089.0
105	1024.0	14.0	14.0	1158.0
106	1024.0	14.0	14.0	1215.0
107	1024.0	14.0	14.0	1092.0
108	1024.0	14.0	14.0	1201.0
109	2048.0	7.0	7.0	600.0
110	2048.0	7.0	7.0	566.0
111	7.0	7.0	2048.0	598.0
112	512.0	28.0	28.0	2561.0
113	128.0	28.0	28.0	615.0
114	512.0	28.0	28.0	2437.0
115	512.0	28.0	28.0	2360.0
116	512.0	28.0	28.0	2328.0
117	1024.0	14.0	14.0	1137.0
118	1024.0	14.0	14.0	1149.0
119	1024.0	14.0	14.0	1222.0
120	1024.0	14.0	14.0	1180.0
121	1024.0	14.0	14.0	1183.0
122	1024.0	14.0	14.0	1199.0
123	2048.0	7.0	7.0	617.0
124	2048.0	7.0	7.0	605.0
125	7.0	7.0	2048.0	582.0
126	512.0	28.0	28.0	2343.0
127	128.0	28.0	28.0	585.0
128	512.0	28.0	28.0	2381.0
129	512.0	28.0	28.0	2352.0
130	512.0	28.0	28.0	2294.0
131	1024.0	14.0	14.0	1207.0
132	1024.0	14.0	14.0	1163.0
133	1024.0	14.0	14.0	1212.0
134	1024.0	14.0	14.0	1199.0
135	1024.0	14.0	14.0	1138.0
136	1024.0	14.0	14.0	1179.0
137	2048.0	7.0	7.0	594.0
138	2048.0	7.0	7.0	579.0
139	7.0	7.0	2048.0	596.0
140	64.0	56.0	56.0	1138.0
141	96.0	56.0	56.0	1715.0
142	128.0	56.0	56.0	2244.0
143	160.0	56.0	56.0	2854.0
144	192.0	56.0	56.0	3358.0
145	224.0	56.0	56.0	3959.0
146	256.0	56.0	56.0	4473.0
147	128.0	28.0	28.0	557.0
148	160.0	28.0	28.0	677.0
149	192.0	28.0	28.0	823.0
150	224.0	28.0	28.0	991.0
151	128.0	28.0	28.0	567.0
152	256.0	28.0	28.0	1106.0
153	288.0	28.0	28.0	1265.0
154	320.0	28.0	28.0	1471.0
155	352.0	28.0	28.0	1481.0
156	384.0	28.0	28.0	1607.0
157	416.0	28.0	28.0	1800.0
158	448.0	28.0	28.0	1938.0
159	480.0	28.0	28.0	2075.0
160	512.0	28.0	28.0	2225.0
161	256.0	14.0	14.0	295.0
162	288.0	14.0	14.0	302.0
163	320.0	14.0	14.0	361.0
164	352.0	14.0	14.0	420.0
165	384.0	14.0	14.0	447.0
166	416.0	14.0	14.0	460.0
167	448.0	14.0	14.0	541.0
168	480.0	14.0	14.0	555.0
169	512.0	14.0	14.0	575.0
170	544.0	14.0	14.0	578.0
171	576.0	14.0	14.0	598.0
172	608.0	14.0	14.0	709.0
173	640.0	14.0	14.0	670.0
174	672.0	14.0	14.0	749.0
175	704.0	14.0	14.0	691.0
176	736.0	14.0	14.0	750.0
177	768.0	14.0	14.0	826.0
178	800.0	14.0	14.0	847.0
179	832.0	14.0	14.0	893.0
180	864.0	14.0	14.0	945.0
181	896.0	14.0	14.0	1030.0
182	928.0	14.0	14.0	952.0
183	960.0	14.0	14.0	1067.0
184	992.0	14.0	14.0	1059.0
185	1024.0	14.0	14.0	1050.0
186	512.0	7.0	7.0	181.0
187	544.0	7.0	7.0	185.0
188	576.0	7.0	7.0	182.0
189	608.0	7.0	7.0	201.0
190	640.0	7.0	7.0	223.0
191	672.0	7.0	7.0	233.0
192	704.0	7.0	7.0	231.0
193	736.0	7.0	7.0	227.0
194	768.0	7.0	7.0	240.0
195	800.0	7.0	7.0	242.0
196	832.0	7.0	7.0	236.0
197	864.0	7.0	7.0	262.0
198	896.0	7.0	7.0	260.0
199	928.0	7.0	7.0	268.0
200	960.0	7.0	7.0	263.0
201	992.0	7.0	7.0	277.0
202	7.0	7.0	1024.0	322.0
203	64.0	56.0	56.0	1084.0
204	96.0	56.0	56.0	1690.0
205	128.0	56.0	56.0	2197.0
206	160.0	56.0	56.0	2917.0
207	192.0	56.0	56.0	3381.0
208	224.0	56.0	56.0	4129.0
209	256.0	56.0	56.0	4631.0
210	128.0	28.0	28.0	567.0
211	160.0	28.0	28.0	714.0
212	192.0	28.0	28.0	809.0
213	224.0	28.0	28.0	1000.0
214	128.0	28.0	28.0	538.0
215	256.0	28.0	28.0	1141.0
216	288.0	28.0	28.0	1191.0
217	320.0	28.0	28.0	1313.0
218	352.0	28.0	28.0	1412.0
219	384.0	28.0	28.0	1672.0
220	416.0	28.0	28.0	1878.0
221	448.0	28.0	28.0	1867.0
222	480.0	28.0	28.0	2080.0
223	512.0	28.0	28.0	2162.0
224	256.0	14.0	14.0	312.0
225	288.0	14.0	14.0	303.0
226	320.0	14.0	14.0	359.0
227	352.0	14.0	14.0	401.0
228	384.0	14.0	14.0	437.0
229	416.0	14.0	14.0	437.0
230	448.0	14.0	14.0	525.0
231	480.0	14.0	14.0	522.0
232	512.0	14.0	14.0	588.0
233	544.0	14.0	14.0	598.0
234	576.0	14.0	14.0	621.0
235	608.0	14.0	14.0	673.0
236	640.0	14.0	14.0	706.0
237	672.0	14.0	14.0	721.0
238	704.0	14.0	14.0	656.0
239	736.0	14.0	14.0	787.0
240	768.0	14.0	14.0	798.0
241	800.0	14.0	14.0	811.0
242	832.0	14.0	14.0	974.0
243	864.0	14.0	14.0	910.0
244	896.0	14.0	14.0	948.0
245	928.0	14.0	14.0	993.0
246	960.0	14.0	14.0	1029.0
247	992.0	14.0	14.0	1047.0
248	1024.0	14.0	14.0	1100.0
249	512.0	7.0	7.0	183.0
250	544.0	7.0	7.0	186.0
251	576.0	7.0	7.0	201.0
252	608.0	7.0	7.0	200.0
253	640.0	7.0	7.0	231.0
254	672.0	7.0	7.0	223.0
255	704.0	7.0	7.0	224.0
256	736.0	7.0	7.0	226.0
257	768.0	7.0	7.0	255.0
258	800.0	7.0	7.0	235.0
259	832.0	7.0	7.0	243.0
260	864.0	7.0	7.0	258.0
261	896.0	7.0	7.0	257.0
262	928.0	7.0	7.0	257.0
263	960.0	7.0	7.0	267.0
264	992.0	7.0	7.0	283.0
265	7.0	7.0	1024.0	307.0
266	64.0	56.0	56.0	1121.0
267	96.0	56.0	56.0	1587.0
268	128.0	56.0	56.0	2300.0
269	160.0	56.0	56.0	2858.0
270	192.0	56.0	56.0	3507.0
271	224.0	56.0	56.0	4020.0
272	256.0	56.0	56.0	4517.0
273	128.0	28.0	28.0	591.0
274	160.0	28.0	28.0	615.0
275	192.0	28.0	28.0	833.0
276	224.0	28.0	28.0	1047.0
277	128.0	28.0	28.0	555.0
278	256.0	28.0	28.0	1137.0
279	288.0	28.0	28.0	1291.0
280	320.0	28.0	28.0	1390.0
281	352.0	28.0	28.0	1453.0
282	384.0	28.0	28.0	1616.0
283	416.0	28.0	28.0	1943.0
284	448.0	28.0	28.0	1936.0
285	480.0	28.0	28.0	2146.0
286	512.0	28.0	28.0	2190.0
287	256.0	14.0	14.0	296.0
288	288.0	14.0	14.0	296.0
289	320.0	14.0	14.0	352.0
290	352.0	14.0	14.0	388.0
291	384.0	14.0	14.0	382.0
292	416.0	14.0	14.0	458.0
293	448.0	14.0	14.0	487.0
294	480.0	14.0	14.0	552.0
295	512.0	14.0	14.0	547.0
296	544.0	14.0	14.0	582.0
297	576.0	14.0	14.0	607.0
298	608.0	14.0	14.0	684.0
299	640.0	14.0	14.0	689.0
300	672.0	14.0	14.0	750.0
301	704.0	14.0	14.0	743.0
302	736.0	14.0	14.0	808.0
303	768.0	14.0	14.0	758.0
304	800.0	14.0	14.0	823.0
305	832.0	14.0	14.0	886.0
306	864.0	14.0	14.0	886.0
307	896.0	14.0	14.0	966.0
308	928.0	14.0	14.0	971.0
309	960.0	14.0	14.0	1024.0
310	992.0	14.0	14.0	1009.0
311	1024.0	14.0	14.0	1087.0
312	512.0	7.0	7.0	180.0
313	544.0	7.0	7.0	185.0
314	576.0	7.0	7.0	192.0
315	608.0	7.0	7.0	207.0
316	640.0	7.0	7.0	199.0
317	672.0	7.0	7.0	215.0
318	704.0	7.0	7.0	213.0
319	736.0	7.0	7.0	215.0
320	768.0	7.0	7.0	237.0
321	800.0	7.0	7.0	238.0
322	832.0	7.0	7.0	230.0
323	864.0	7.0	7.0	256.0
324	896.0	7.0	7.0	251.0
325	928.0	7.0	7.0	278.0
326	960.0	7.0	7.0	266.0
327	992.0	7.0	7.0	269.0
328	7.0	7.0	1024.0	315.0
329	64.0	56.0	56.0	1108.0
330	96.0	56.0	56.0	1575.0
331	128.0	56.0	56.0	2353.0
332	160.0	56.0	56.0	3064.0
333	192.0	56.0	56.0	3385.0
334	224.0	56.0	56.0	4053.0
335	256.0	56.0	56.0	4520.0
336	128.0	28.0	28.0	587.0
337	160.0	28.0	28.0	683.0
338	192.0	28.0	28.0	826.0
339	224.0	28.0	28.0	917.0
340	128.0	28.0	28.0	574.0
341	256.0	28.0	28.0	1100.0
342	288.0	28.0	28.0	1208.0
343	320.0	28.0	28.0	1384.0
344	352.0	28.0	28.0	1463.0
345	384.0	28.0	28.0	1676.0
346	416.0	28.0	28.0	1832.0
347	448.0	28.0	28.0	1901.0
348	480.0	28.0	28.0	2200.0
349	512.0	28.0	28.0	2282.0
350	256.0	14.0	14.0	327.0
351	288.0	14.0	14.0	307.0
352	320.0	14.0	14.0	353.0
353	352.0	14.0	14.0	406.0
354	384.0	14.0	14.0	433.0
355	416.0	14.0	14.0	454.0
356	448.0	14.0	14.0	477.0
357	480.0	14.0	14.0	553.0
358	512.0	14.0	14.0	566.0
359	544.0	14.0	14.0	595.0
360	576.0	14.0	14.0	653.0
361	608.0	14.0	14.0	674.0
362	640.0	14.0	14.0	622.0
363	672.0	14.0	14.0	724.0
364	704.0	14.0	14.0	648.0
365	736.0	14.0	14.0	824.0
366	768.0	14.0	14.0	817.0
367	800.0	14.0	14.0	855.0
368	832.0	14.0	14.0	884.0
369	864.0	14.0	14.0	1010.0
370	896.0	14.0	14.0	999.0
371	928.0	14.0	14.0	1066.0
372	960.0	14.0	14.0	1052.0
373	992.0	14.0	14.0	1041.0
374	1024.0	14.0	14.0	1052.0
375	512.0	7.0	7.0	185.0
376	544.0	7.0	7.0	187.0
377	576.0	7.0	7.0	187.0
378	608.0	7.0	7.0	197.0
379	640.0	7.0	7.0	221.0
380	672.0	7.0	7.0	219.0
381	704.0	7.0	7.0	218.0
382	736.0	7.0	7.0	226.0
383	768.0	7.0	7.0	229.0
384	800.0	7.0	7.0	236.0
385	832.0	7.0	7.0	243.0
386	864.0	7.0	7.0	260.0
387	896.0	7.0	7.0	260.0
388	928.0	7.0	7.0	271.0
389	960.0	7.0	7.0	272.0
390	992.0	7.0	7.0	268.0
391	7.0	7.0	1024.0	321.0
392	64.0	56.0	56.0	1072.0
393	96.0	56.0	56.0	1697.0
394	128.0	56.0	56.0	2191.0
395	160.0	56.0	56.0	2943.0
396	192.0	56.0	56.0	3393.0
397	224.0	56.0	56.0	3943.0
398	256.0	56.0	56.0	4613.0
399	128.0	28.0	28.0	593.0
400	160.0	28.0	28.0	680.0
401	192.0	28.0	28.0	876.0
402	224.0	28.0	28.0	952.0
403	128.0	28.0	28.0	572.0
404	256.0	28.0	28.0	1112.0
405	288.0	28.0	28.0	1247.0
406	320.0	28.0	28.0	1334.0
407	352.0	28.0	28.0	1509.0
408	384.0	28.0	28.0	1571.0
409	416.0	28.0	28.0	1795.0
410	448.0	28.0	28.0	1864.0
411	480.0	28.0	28.0	2114.0
412	512.0	28.0	28.0	2194.0
413	256.0	14.0	14.0	310.0
414	288.0	14.0	14.0	297.0
415	320.0	14.0	14.0	352.0
416	352.0	14.0	14.0	368.0
417	384.0	14.0	14.0	414.0
418	416.0	14.0	14.0	463.0
419	448.0	14.0	14.0	482.0
420	480.0	14.0	14.0	537.0
421	512.0	14.0	14.0	544.0
422	544.0	14.0	14.0	575.0
423	576.0	14.0	14.0	629.0
424	608.0	14.0	14.0	684.0
425	640.0	14.0	14.0	699.0
426	672.0	14.0	14.0	754.0
427	704.0	14.0	14.0	752.0
428	736.0	14.0	14.0	794.0
429	768.0	14.0	14.0	883.0
430	800.0	14.0	14.0	916.0
431	832.0	14.0	14.0	873.0
432	864.0	14.0	14.0	948.0
433	896.0	14.0	14.0	975.0
434	928.0	14.0	14.0	1041.0
435	960.0	14.0	14.0	1015.0
436	992.0	14.0	14.0	1054.0
437	1024.0	14.0	14.0	1065.0
438	512.0	7.0	7.0	188.0
439	544.0	7.0	7.0	188.0
440	576.0	7.0	7.0	193.0
441	608.0	7.0	7.0	208.0
442	640.0	7.0	7.0	215.0
443	672.0	7.0	7.0	220.0
444	704.0	7.0	7.0	224.0
445	736.0	7.0	7.0	225.0
446	768.0	7.0	7.0	236.0
447	800.0	7.0	7.0	242.0
448	832.0	7.0	7.0	239.0
449	864.0	7.0	7.0	260.0
450	896.0	7.0	7.0	248.0
451	928.0	7.0	7.0	274.0
452	960.0	7.0	7.0	272.0
453	992.0	7.0	7.0	279.0
454	7.0	7.0	1024.0	310.0
455	64.0	56.0	56.0	1118.0
456	96.0	56.0	56.0	1774.0
457	128.0	56.0	56.0	2302.0
458	160.0	56.0	56.0	2892.0
459	192.0	56.0	56.0	3462.0
460	224.0	56.0	56.0	3972.0
461	256.0	56.0	56.0	4557.0
462	128.0	28.0	28.0	548.0
463	160.0	28.0	28.0	685.0
464	192.0	28.0	28.0	767.0
465	224.0	28.0	28.0	974.0
466	128.0	28.0	28.0	542.0
467	256.0	28.0	28.0	1084.0
468	288.0	28.0	28.0	1194.0
469	320.0	28.0	28.0	1351.0
470	352.0	28.0	28.0	1486.0
471	384.0	28.0	28.0	1588.0
472	416.0	28.0	28.0	1797.0
473	448.0	28.0	28.0	1885.0
474	480.0	28.0	28.0	2050.0
475	512.0	28.0	28.0	2136.0
476	256.0	14.0	14.0	308.0
477	288.0	14.0	14.0	310.0
478	320.0	14.0	14.0	358.0
479	352.0	14.0	14.0	395.0
480	384.0	14.0	14.0	434.0
481	416.0	14.0	14.0	436.0
482	448.0	14.0	14.0	493.0
483	480.0	14.0	14.0	535.0
484	512.0	14.0	14.0	548.0
485	544.0	14.0	14.0	533.0
486	576.0	14.0	14.0	591.0
487	608.0	14.0	14.0	621.0
488	640.0	14.0	14.0	655.0
489	672.0	14.0	14.0	742.0
490	704.0	14.0	14.0	664.0
491	736.0	14.0	14.0	789.0
492	768.0	14.0	14.0	813.0
493	800.0	14.0	14.0	910.0
494	832.0	14.0	14.0	941.0
495	864.0	14.0	14.0	925.0
496	896.0	14.0	14.0	972.0
497	928.0	14.0	14.0	1012.0
498	960.0	14.0	14.0	1000.0
499	992.0	14.0	14.0	982.0
500	1024.0	14.0	14.0	970.0
501	512.0	7.0	7.0	188.0
502	544.0	7.0	7.0	190.0
503	576.0	7.0	7.0	192.0
504	608.0	7.0	7.0	182.0
505	640.0	7.0	7.0	221.0
506	672.0	7.0	7.0	222.0
507	704.0	7.0	7.0	220.0
508	736.0	7.0	7.0	222.0
509	768.0	7.0	7.0	242.0
510	800.0	7.0	7.0	237.0
511	832.0	7.0	7.0	246.0
512	864.0	7.0	7.0	257.0
513	896.0	7.0	7.0	259.0
514	928.0	7.0	7.0	269.0
515	960.0	7.0	7.0	260.0
516	992.0	7.0	7.0	269.0
517	7.0	7.0	1024.0	310.0
518	64.0	56.0	56.0	1134.0
519	96.0	56.0	56.0	1714.0
520	128.0	56.0	56.0	2237.0
521	160.0	56.0	56.0	2908.0
522	192.0	56.0	56.0	3388.0
523	224.0	56.0	56.0	4061.0
524	256.0	56.0	56.0	4564.0
525	128.0	28.0	28.0	563.0
526	160.0	28.0	28.0	704.0
527	192.0	28.0	28.0	843.0
528	224.0	28.0	28.0	1030.0
529	128.0	28.0	28.0	596.0
530	256.0	28.0	28.0	1027.0
531	288.0	28.0	28.0	1186.0
532	320.0	28.0	28.0	1441.0
533	352.0	28.0	28.0	1481.0
534	384.0	28.0	28.0	1608.0
535	416.0	28.0	28.0	1872.0
536	448.0	28.0	28.0	1812.0
537	480.0	28.0	28.0	2011.0
538	512.0	28.0	28.0	2143.0
539	256.0	14.0	14.0	307.0
540	288.0	14.0	14.0	322.0
541	320.0	14.0	14.0	340.0
542	352.0	14.0	14.0	370.0
543	384.0	14.0	14.0	422.0
544	416.0	14.0	14.0	429.0
545	448.0	14.0	14.0	507.0
546	480.0	14.0	14.0	545.0
547	512.0	14.0	14.0	577.0
548	544.0	14.0	14.0	613.0
549	576.0	14.0	14.0	671.0
550	608.0	14.0	14.0	681.0
551	640.0	14.0	14.0	733.0
552	672.0	14.0	14.0	703.0
553	704.0	14.0	14.0	767.0
554	736.0	14.0	14.0	840.0
555	768.0	14.0	14.0	881.0
556	800.0	14.0	14.0	958.0
557	832.0	14.0	14.0	955.0
558	864.0	14.0	14.0	940.0
559	896.0	14.0	14.0	979.0
560	928.0	14.0	14.0	990.0
561	960.0	14.0	14.0	1031.0
562	992.0	14.0	14.0	1048.0
563	1024.0	14.0	14.0	1099.0
564	512.0	7.0	7.0	178.0
565	544.0	7.0	7.0	175.0
566	576.0	7.0	7.0	184.0
567	608.0	7.0	7.0	199.0
568	640.0	7.0	7.0	225.0
569	672.0	7.0	7.0	228.0
570	704.0	7.0	7.0	213.0
571	736.0	7.0	7.0	214.0
572	768.0	7.0	7.0	252.0
573	800.0	7.0	7.0	249.0
574	832.0	7.0	7.0	243.0
575	864.0	7.0	7.0	258.0
576	896.0	7.0	7.0	280.0
577	928.0	7.0	7.0	269.0
578	960.0	7.0	7.0	288.0
579	992.0	7.0	7.0	265.0
580	7.0	7.0	1024.0	304.0
581	64.0	56.0	56.0	1111.0
582	96.0	56.0	56.0	1680.0
583	128.0	56.0	56.0	2283.0
584	160.0	56.0	56.0	2939.0
585	192.0	56.0	56.0	3425.0
586	224.0	56.0	56.0	4064.0
587	256.0	56.0	56.0	4627.0
588	128.0	28.0	28.0	569.0
589	160.0	28.0	28.0	734.0
590	192.0	28.0	28.0	806.0
591	224.0	28.0	28.0	1005.0
592	128.0	28.0	28.0	504.0
593	256.0	28.0	28.0	1124.0
594	288.0	28.0	28.0	1175.0
595	320.0	28.0	28.0	1338.0
596	352.0	28.0	28.0	1505.0
597	384.0	28.0	28.0	1636.0
598	416.0	28.0	28.0	1876.0
599	448.0	28.0	28.0	1920.0
600	480.0	28.0	28.0	2096.0
601	512.0	28.0	28.0	2184.0
602	256.0	14.0	14.0	315.0
603	288.0	14.0	14.0	303.0
604	320.0	14.0	14.0	346.0
605	352.0	14.0	14.0	398.0
606	384.0	14.0	14.0	379.0
607	416.0	14.0	14.0	401.0
608	448.0	14.0	14.0	480.0
609	480.0	14.0	14.0	564.0
610	512.0	14.0	14.0	519.0
611	544.0	14.0	14.0	579.0
612	576.0	14.0	14.0	616.0
613	608.0	14.0	14.0	676.0
614	640.0	14.0	14.0	736.0
615	672.0	14.0	14.0	777.0
616	704.0	14.0	14.0	776.0
617	736.0	14.0	14.0	804.0
618	768.0	14.0	14.0	888.0
619	800.0	14.0	14.0	844.0
620	832.0	14.0	14.0	866.0
621	864.0	14.0	14.0	892.0
622	896.0	14.0	14.0	968.0
623	928.0	14.0	14.0	994.0
624	960.0	14.0	14.0	1050.0
625	992.0	14.0	14.0	1063.0
626	1024.0	14.0	14.0	1094.0
627	512.0	7.0	7.0	188.0
628	544.0	7.0	7.0	188.0
629	576.0	7.0	7.0	197.0
630	608.0	7.0	7.0	207.0
631	640.0	7.0	7.0	232.0
632	672.0	7.0	7.0	215.0
633	704.0	7.0	7.0	220.0
634	736.0	7.0	7.0	228.0
635	768.0	7.0	7.0	237.0
636	800.0	7.0	7.0	248.0
637	832.0	7.0	7.0	235.0
638	864.0	7.0	7.0	268.0
639	896.0	7.0	7.0	253.0
640	928.0	7.0	7.0	271.0
641	960.0	7.0	7.0	272.0
642	992.0	7.0	7.0	293.0
643	7.0	7.0	1024.0	313.0
644	64.0	56.0	56.0	1123.0
645	96.0	56.0	56.0	1742.0
646	128.0	56.0	56.0	2270.0
647	160.0	56.0	56.0	2819.0
648	192.0	56.0	56.0	3396.0
649	224.0	56.0	56.0	4065.0
650	256.0	56.0	56.0	4552.0
651	128.0	28.0	28.0	569.0
652	160.0	28.0	28.0	728.0
653	192.0	28.0	28.0	807.0
654	224.0	28.0	28.0	1098.0
655	128.0	28.0	28.0	580.0
656	256.0	28.0	28.0	1027.0
657	288.0	28.0	28.0	1317.0
658	320.0	28.0	28.0	1336.0
659	352.0	28.0	28.0	1504.0
660	384.0	28.0	28.0	1645.0
661	416.0	28.0	28.0	1824.0
662	448.0	28.0	28.0	1871.0
663	480.0	28.0	28.0	2041.0
664	512.0	28.0	28.0	2263.0
665	256.0	14.0	14.0	303.0
666	288.0	14.0	14.0	313.0
667	320.0	14.0	14.0	341.0
668	352.0	14.0	14.0	419.0
669	384.0	14.0	14.0	445.0
670	416.0	14.0	14.0	463.0
671	448.0	14.0	14.0	509.0
672	480.0	14.0	14.0	541.0
673	512.0	14.0	14.0	576.0
674	544.0	14.0	14.0	589.0
675	576.0	14.0	14.0	585.0
676	608.0	14.0	14.0	653.0
677	640.0	14.0	14.0	719.0
678	672.0	14.0	14.0	728.0
679	704.0	14.0	14.0	690.0
680	736.0	14.0	14.0	815.0
681	768.0	14.0	14.0	925.0
682	800.0	14.0	14.0	869.0
683	832.0	14.0	14.0	846.0
684	864.0	14.0	14.0	956.0
685	896.0	14.0	14.0	996.0
686	928.0	14.0	14.0	997.0
687	960.0	14.0	14.0	1006.0
688	992.0	14.0	14.0	1081.0
689	1024.0	14.0	14.0	1089.0
690	512.0	7.0	7.0	181.0
691	544.0	7.0	7.0	190.0
692	576.0	7.0	7.0	185.0
693	608.0	7.0	7.0	199.0
694	640.0	7.0	7.0	230.0
695	672.0	7.0	7.0	224.0
696	704.0	7.0	7.0	225.0
697	736.0	7.0	7.0	217.0
698	768.0	7.0	7.0	249.0
699	800.0	7.0	7.0	246.0
700	832.0	7.0	7.0	240.0
701	864.0	7.0	7.0	246.0
702	896.0	7.0	7.0	253.0
703	928.0	7.0	7.0	271.0
704	960.0	7.0	7.0	278.0
705	992.0	7.0	7.0	281.0
706	7.0	7.0	1024.0	325.0
707	64.0	56.0	56.0	1115.0
708	96.0	56.0	56.0	1721.0
709	128.0	56.0	56.0	2243.0
710	160.0	56.0	56.0	2870.0
711	192.0	56.0	56.0	3301.0
712	224.0	56.0	56.0	4035.0
713	256.0	56.0	56.0	4533.0
714	128.0	28.0	28.0	589.0
715	160.0	28.0	28.0	687.0
716	192.0	28.0	28.0	877.0
717	224.0	28.0	28.0	1028.0
718	128.0	28.0	28.0	575.0
719	256.0	28.0	28.0	1158.0
720	288.0	28.0	28.0	1296.0
721	320.0	28.0	28.0	1371.0
722	352.0	28.0	28.0	1483.0
723	384.0	28.0	28.0	1603.0
724	416.0	28.0	28.0	1917.0
725	448.0	28.0	28.0	1896.0
726	480.0	28.0	28.0	2095.0
727	512.0	28.0	28.0	2246.0
728	256.0	14.0	14.0	300.0
729	288.0	14.0	14.0	306.0
730	320.0	14.0	14.0	356.0
731	352.0	14.0	14.0	414.0
732	384.0	14.0	14.0	387.0
733	416.0	14.0	14.0	404.0
734	448.0	14.0	14.0	487.0
735	480.0	14.0	14.0	550.0
736	512.0	14.0	14.0	547.0
737	544.0	14.0	14.0	584.0
738	576.0	14.0	14.0	606.0
739	608.0	14.0	14.0	671.0
740	640.0	14.0	14.0	732.0
741	672.0	14.0	14.0	770.0
742	704.0	14.0	14.0	779.0
743	736.0	14.0	14.0	814.0
744	768.0	14.0	14.0	862.0
745	800.0	14.0	14.0	966.0
746	832.0	14.0	14.0	943.0
747	864.0	14.0	14.0	950.0
748	896.0	14.0	14.0	1041.0
749	928.0	14.0	14.0	1027.0
750	960.0	14.0	14.0	1037.0
751	992.0	14.0	14.0	1068.0
752	1024.0	14.0	14.0	1090.0
753	512.0	7.0	7.0	186.0
754	544.0	7.0	7.0	168.0
755	576.0	7.0	7.0	187.0
756	608.0	7.0	7.0	206.0
757	640.0	7.0	7.0	227.0
758	672.0	7.0	7.0	223.0
759	704.0	7.0	7.0	216.0
760	736.0	7.0	7.0	228.0
761	768.0	7.0	7.0	237.0
762	800.0	7.0	7.0	251.0
763	832.0	7.0	7.0	247.0
764	864.0	7.0	7.0	259.0
765	896.0	7.0	7.0	263.0
766	928.0	7.0	7.0	275.0
767	960.0	7.0	7.0	287.0
768	992.0	7.0	7.0	276.0
769	7.0	7.0	1024.0	309.0
