	maxpool_N	maxpool_H	maxpool_W	maxpool_C	maxpool_ksizeH	maxpool_ksizeW	maxpool_zPadHLeft	maxpool_zPadHRight	maxpool_zPadWLeft	maxpool_zPadWRight	maxpool_strideH	maxpool_strideW	maxpool_N1	maxpool_imgH	maxpool_imgW	maxpool_C1	time_cost
0	1.0	12.0	12.0	20.0	2.0	2.0	0.0	0.0	0.0	0.0	2.0	2.0	1.0	24.0	24.0	20.0	405.0
1	1.0	4.0	4.0	20.0	2.0	2.0	0.0	0.0	0.0	0.0	2.0	2.0	1.0	8.0	8.0	20.0	222.0
2	1.0	12.0	12.0	20.0	2.0	2.0	0.0	0.0	0.0	0.0	2.0	2.0	1.0	24.0	24.0	20.0	394.0
3	1.0	4.0	4.0	20.0	2.0	2.0	0.0	0.0	0.0	0.0	2.0	2.0	1.0	8.0	8.0	20.0	228.0
4	1.0	12.0	12.0	20.0	2.0	2.0	0.0	0.0	0.0	0.0	2.0	2.0	1.0	24.0	24.0	20.0	402.0
5	1.0	4.0	4.0	20.0	2.0	2.0	0.0	0.0	0.0	0.0	2.0	2.0	1.0	8.0	8.0	20.0	226.0
6	1.0	12.0	12.0	20.0	2.0	2.0	0.0	0.0	0.0	0.0	2.0	2.0	1.0	24.0	24.0	20.0	408.0
7	1.0	4.0	4.0	20.0	2.0	2.0	0.0	0.0	0.0	0.0	2.0	2.0	1.0	8.0	8.0	20.0	226.0
8	1.0	12.0	12.0	20.0	2.0	2.0	0.0	0.0	0.0	0.0	2.0	2.0	1.0	24.0	24.0	20.0	391.0
9	1.0	4.0	4.0	20.0	2.0	2.0	0.0	0.0	0.0	0.0	2.0	2.0	1.0	8.0	8.0	20.0	228.0
10	1.0	12.0	12.0	20.0	2.0	2.0	0.0	0.0	0.0	0.0	2.0	2.0	1.0	24.0	24.0	20.0	403.0
11	1.0	4.0	4.0	20.0	2.0	2.0	0.0	0.0	0.0	0.0	2.0	2.0	1.0	8.0	8.0	20.0	227.0
12	1.0	12.0	12.0	20.0	2.0	2.0	0.0	0.0	0.0	0.0	2.0	2.0	1.0	24.0	24.0	20.0	416.0
13	1.0	4.0	4.0	20.0	2.0	2.0	0.0	0.0	0.0	0.0	2.0	2.0	1.0	8.0	8.0	20.0	217.0
14	1.0	12.0	12.0	20.0	2.0	2.0	0.0	0.0	0.0	0.0	2.0	2.0	1.0	24.0	24.0	20.0	415.0
15	1.0	4.0	4.0	20.0	2.0	2.0	0.0	0.0	0.0	0.0	2.0	2.0	1.0	8.0	8.0	20.0	227.0
16	1.0	12.0	12.0	20.0	2.0	2.0	0.0	0.0	0.0	0.0	2.0	2.0	1.0	24.0	24.0	20.0	402.0
17	1.0	4.0	4.0	20.0	2.0	2.0	0.0	0.0	0.0	0.0	2.0	2.0	1.0	8.0	8.0	20.0	227.0
18	1.0	12.0	12.0	20.0	2.0	2.0	0.0	0.0	0.0	0.0	2.0	2.0	1.0	24.0	24.0	20.0	407.0
19	1.0	4.0	4.0	20.0	2.0	2.0	0.0	0.0	0.0	0.0	2.0	2.0	1.0	8.0	8.0	20.0	225.0
20	1.0	12.0	12.0	25.0	2.0	2.0	0.0	0.0	0.0	0.0	2.0	2.0	1.0	24.0	24.0	25.0	383.0
21	1.0	4.0	4.0	25.0	2.0	2.0	0.0	0.0	0.0	0.0	2.0	2.0	1.0	8.0	8.0	25.0	232.0
22	1.0	1.0	1.0	50.0	2.0	2.0	0.0	0.0	0.0	0.0	2.0	2.0	1.0	3.0	3.0	50.0	203.0
23	1.0	12.0	12.0	25.0	2.0	2.0	0.0	0.0	0.0	0.0	2.0	2.0	1.0	24.0	24.0	25.0	344.0
24	1.0	4.0	4.0	25.0	2.0	2.0	0.0	0.0	0.0	0.0	2.0	2.0	1.0	8.0	8.0	25.0	216.0
25	1.0	1.0	1.0	50.0	2.0	2.0	0.0	0.0	0.0	0.0	2.0	2.0	1.0	3.0	3.0	50.0	198.0
26	1.0	12.0	12.0	25.0	2.0	2.0	0.0	0.0	0.0	0.0	2.0	2.0	1.0	24.0	24.0	25.0	442.0
27	1.0	4.0	4.0	25.0	2.0	2.0	0.0	0.0	0.0	0.0	2.0	2.0	1.0	8.0	8.0	25.0	229.0
28	1.0	1.0	1.0	50.0	2.0	2.0	0.0	0.0	0.0	0.0	2.0	2.0	1.0	3.0	3.0	50.0	199.0
29	1.0	12.0	12.0	25.0	2.0	2.0	0.0	0.0	0.0	0.0	2.0	2.0	1.0	24.0	24.0	25.0	364.0
30	1.0	4.0	4.0	25.0	2.0	2.0	0.0	0.0	0.0	0.0	2.0	2.0	1.0	8.0	8.0	25.0	233.0
31	1.0	1.0	1.0	50.0	2.0	2.0	0.0	0.0	0.0	0.0	2.0	2.0	1.0	3.0	3.0	50.0	198.0
32	1.0	12.0	12.0	25.0	2.0	2.0	0.0	0.0	0.0	0.0	2.0	2.0	1.0	24.0	24.0	25.0	330.0
33	1.0	4.0	4.0	25.0	2.0	2.0	0.0	0.0	0.0	0.0	2.0	2.0	1.0	8.0	8.0	25.0	218.0
34	1.0	1.0	1.0	50.0	2.0	2.0	0.0	0.0	0.0	0.0	2.0	2.0	1.0	3.0	3.0	50.0	199.0
35	1.0	12.0	12.0	25.0	2.0	2.0	0.0	0.0	0.0	0.0	2.0	2.0	1.0	24.0	24.0	25.0	440.0
36	1.0	4.0	4.0	25.0	2.0	2.0	0.0	0.0	0.0	0.0	2.0	2.0	1.0	8.0	8.0	25.0	230.0
37	1.0	1.0	1.0	50.0	2.0	2.0	0.0	0.0	0.0	0.0	2.0	2.0	1.0	3.0	3.0	50.0	199.0
38	1.0	12.0	12.0	25.0	2.0	2.0	0.0	0.0	0.0	0.0	2.0	2.0	1.0	24.0	24.0	25.0	448.0
39	1.0	4.0	4.0	25.0	2.0	2.0	0.0	0.0	0.0	0.0	2.0	2.0	1.0	8.0	8.0	25.0	226.0
40	1.0	1.0	1.0	50.0	2.0	2.0	0.0	0.0	0.0	0.0	2.0	2.0	1.0	3.0	3.0	50.0	201.0
41	1.0	12.0	12.0	25.0	2.0	2.0	0.0	0.0	0.0	0.0	2.0	2.0	1.0	24.0	24.0	25.0	439.0
42	1.0	4.0	4.0	25.0	2.0	2.0	0.0	0.0	0.0	0.0	2.0	2.0	1.0	8.0	8.0	25.0	244.0
43	1.0	1.0	1.0	50.0	2.0	2.0	0.0	0.0	0.0	0.0	2.0	2.0	1.0	3.0	3.0	50.0	200.0
44	1.0	12.0	12.0	25.0	2.0	2.0	0.0	0.0	0.0	0.0	2.0	2.0	1.0	24.0	24.0	25.0	445.0
45	1.0	4.0	4.0	25.0	2.0	2.0	0.0	0.0	0.0	0.0	2.0	2.0	1.0	8.0	8.0	25.0	226.0
46	1.0	1.0	1.0	50.0	2.0	2.0	0.0	0.0	0.0	0.0	2.0	2.0	1.0	3.0	3.0	50.0	198.0
47	1.0	12.0	12.0	25.0	2.0	2.0	0.0	0.0	0.0	0.0	2.0	2.0	1.0	24.0	24.0	25.0	363.0
48	1.0	4.0	4.0	25.0	2.0	2.0	0.0	0.0	0.0	0.0	2.0	2.0	1.0	8.0	8.0	25.0	221.0
49	1.0	1.0	1.0	50.0	2.0	2.0	0.0	0.0	0.0	0.0	2.0	2.0	1.0	3.0	3.0	50.0	198.0
50	1.0	56.0	56.0	64.0	3.0	3.0	0.0	1.0	0.0	1.0	2.0	2.0	1.0	112.0	112.0	64.0	24506.0
51	1.0	56.0	56.0	64.0	3.0	3.0	0.0	1.0	0.0	1.0	2.0	2.0	1.0	112.0	112.0	64.0	24085.0
52	1.0	56.0	56.0	64.0	3.0	3.0	0.0	1.0	0.0	1.0	2.0	2.0	1.0	112.0	112.0	64.0	24293.0
53	1.0	56.0	56.0	64.0	3.0	3.0	0.0	1.0	0.0	1.0	2.0	2.0	1.0	112.0	112.0	64.0	24385.0
54	1.0	56.0	56.0	64.0	3.0	3.0	0.0	1.0	0.0	1.0	2.0	2.0	1.0	112.0	112.0	64.0	24519.0
55	1.0	56.0	56.0	64.0	3.0	3.0	0.0	1.0	0.0	1.0	2.0	2.0	1.0	112.0	112.0	64.0	23866.0
56	1.0	56.0	56.0	64.0	3.0	3.0	0.0	1.0	0.0	1.0	2.0	2.0	1.0	112.0	112.0	64.0	24030.0
57	1.0	56.0	56.0	64.0	3.0	3.0	0.0	1.0	0.0	1.0	2.0	2.0	1.0	112.0	112.0	64.0	23944.0
58	1.0	56.0	56.0	64.0	3.0	3.0	0.0	1.0	0.0	1.0	2.0	2.0	1.0	112.0	112.0	64.0	24535.0
59	1.0	56.0	56.0	64.0	3.0	3.0	0.0	1.0	0.0	1.0	2.0	2.0	1.0	112.0	112.0	64.0	24022.0
60	1.0	56.0	56.0	64.0	3.0	3.0	0.0	1.0	0.0	1.0	2.0	2.0	1.0	112.0	112.0	64.0	24915.0
61	1.0	56.0	56.0	64.0	3.0	3.0	0.0	1.0	0.0	1.0	2.0	2.0	1.0	112.0	112.0	64.0	24463.0
62	1.0	56.0	56.0	64.0	3.0	3.0	0.0	1.0	0.0	1.0	2.0	2.0	1.0	112.0	112.0	64.0	24322.0
63	1.0	56.0	56.0	64.0	3.0	3.0	0.0	1.0	0.0	1.0	2.0	2.0	1.0	112.0	112.0	64.0	23575.0
64	1.0	56.0	56.0	64.0	3.0	3.0	0.0	1.0	0.0	1.0	2.0	2.0	1.0	112.0	112.0	64.0	23957.0
65	1.0	56.0	56.0	64.0	3.0	3.0	0.0	1.0	0.0	1.0	2.0	2.0	1.0	112.0	112.0	64.0	24497.0
66	1.0	56.0	56.0	64.0	3.0	3.0	0.0	1.0	0.0	1.0	2.0	2.0	1.0	112.0	112.0	64.0	24816.0
67	1.0	56.0	56.0	64.0	3.0	3.0	0.0	1.0	0.0	1.0	2.0	2.0	1.0	112.0	112.0	64.0	23932.0
68	1.0	56.0	56.0	64.0	3.0	3.0	0.0	1.0	0.0	1.0	2.0	2.0	1.0	112.0	112.0	64.0	24991.0
69	1.0	56.0	56.0	64.0	3.0	3.0	0.0	1.0	0.0	1.0	2.0	2.0	1.0	112.0	112.0	64.0	23519.0
70	1.0	56.0	56.0	64.0	3.0	3.0	0.0	0.0	0.0	0.0	2.0	2.0	1.0	113.0	113.0	64.0	24588.0
71	1.0	27.0	27.0	128.0	3.0	3.0	0.0	0.0	0.0	0.0	2.0	2.0	1.0	56.0	56.0	128.0	12129.0
72	1.0	13.0	13.0	256.0	3.0	3.0	0.0	0.0	0.0	0.0	2.0	2.0	1.0	27.0	27.0	256.0	5269.0
73	1.0	56.0	56.0	64.0	3.0	3.0	0.0	0.0	0.0	0.0	2.0	2.0	1.0	113.0	113.0	64.0	24579.0
74	1.0	27.0	27.0	128.0	3.0	3.0	0.0	0.0	0.0	0.0	2.0	2.0	1.0	56.0	56.0	128.0	12806.0
75	1.0	13.0	13.0	256.0	3.0	3.0	0.0	0.0	0.0	0.0	2.0	2.0	1.0	27.0	27.0	256.0	5278.0
76	1.0	56.0	56.0	64.0	3.0	3.0	0.0	0.0	0.0	0.0	2.0	2.0	1.0	113.0	113.0	64.0	24208.0
77	1.0	27.0	27.0	128.0	3.0	3.0	0.0	0.0	0.0	0.0	2.0	2.0	1.0	56.0	56.0	128.0	11928.0
78	1.0	13.0	13.0	256.0	3.0	3.0	0.0	0.0	0.0	0.0	2.0	2.0	1.0	27.0	27.0	256.0	5076.0
79	1.0	56.0	56.0	64.0	3.0	3.0	0.0	0.0	0.0	0.0	2.0	2.0	1.0	113.0	113.0	64.0	24457.0
80	1.0	27.0	27.0	128.0	3.0	3.0	0.0	0.0	0.0	0.0	2.0	2.0	1.0	56.0	56.0	128.0	12096.0
81	1.0	13.0	13.0	256.0	3.0	3.0	0.0	0.0	0.0	0.0	2.0	2.0	1.0	27.0	27.0	256.0	5089.0
82	1.0	56.0	56.0	64.0	3.0	3.0	0.0	0.0	0.0	0.0	2.0	2.0	1.0	113.0	113.0	64.0	23455.0
83	1.0	27.0	27.0	128.0	3.0	3.0	0.0	0.0	0.0	0.0	2.0	2.0	1.0	56.0	56.0	128.0	12256.0
84	1.0	13.0	13.0	256.0	3.0	3.0	0.0	0.0	0.0	0.0	2.0	2.0	1.0	27.0	27.0	256.0	5187.0
85	1.0	56.0	56.0	64.0	3.0	3.0	0.0	0.0	0.0	0.0	2.0	2.0	1.0	113.0	113.0	64.0	24353.0
86	1.0	27.0	27.0	128.0	3.0	3.0	0.0	0.0	0.0	0.0	2.0	2.0	1.0	56.0	56.0	128.0	12329.0
87	1.0	13.0	13.0	256.0	3.0	3.0	0.0	0.0	0.0	0.0	2.0	2.0	1.0	27.0	27.0	256.0	4954.0
88	1.0	56.0	56.0	64.0	3.0	3.0	0.0	0.0	0.0	0.0	2.0	2.0	1.0	113.0	113.0	64.0	24180.0
89	1.0	27.0	27.0	128.0	3.0	3.0	0.0	0.0	0.0	0.0	2.0	2.0	1.0	56.0	56.0	128.0	12361.0
90	1.0	13.0	13.0	256.0	3.0	3.0	0.0	0.0	0.0	0.0	2.0	2.0	1.0	27.0	27.0	256.0	5215.0
91	1.0	56.0	56.0	64.0	3.0	3.0	0.0	0.0	0.0	0.0	2.0	2.0	1.0	113.0	113.0	64.0	24720.0
92	1.0	27.0	27.0	128.0	3.0	3.0	0.0	0.0	0.0	0.0	2.0	2.0	1.0	56.0	56.0	128.0	12309.0
93	1.0	13.0	13.0	256.0	3.0	3.0	0.0	0.0	0.0	0.0	2.0	2.0	1.0	27.0	27.0	256.0	4975.0
94	1.0	56.0	56.0	64.0	3.0	3.0	0.0	0.0	0.0	0.0	2.0	2.0	1.0	113.0	113.0	64.0	24410.0
95	1.0	27.0	27.0	128.0	3.0	3.0	0.0	0.0	0.0	0.0	2.0	2.0	1.0	56.0	56.0	128.0	12292.0
96	1.0	13.0	13.0	256.0	3.0	3.0	0.0	0.0	0.0	0.0	2.0	2.0	1.0	27.0	27.0	256.0	4776.0
97	1.0	56.0	56.0	64.0	3.0	3.0	0.0	0.0	0.0	0.0	2.0	2.0	1.0	113.0	113.0	64.0	24468.0
98	1.0	27.0	27.0	128.0	3.0	3.0	0.0	0.0	0.0	0.0	2.0	2.0	1.0	56.0	56.0	128.0	12129.0
99	1.0	13.0	13.0	256.0	3.0	3.0	0.0	0.0	0.0	0.0	2.0	2.0	1.0	27.0	27.0	256.0	4977.0
100	1.0	55.0	55.0	16.0	3.0	3.0	0.0	1.0	0.0	1.0	2.0	2.0	1.0	110.0	110.0	16.0	5407.0
101	1.0	27.0	27.0	64.0	3.0	3.0	1.0	1.0	1.0	1.0	2.0	2.0	1.0	53.0	53.0	64.0	6395.0
102	1.0	5.0	5.0	128.0	3.0	3.0	0.0	0.0	0.0	0.0	2.0	2.0	1.0	11.0	11.0	128.0	1086.0
103	1.0	2.0	2.0	1024.0	2.0	2.0	0.0	0.0	0.0	0.0	2.0	2.0	1.0	5.0	5.0	1024.0	459.0
104	1.0	1.0	1.0	128.0	2.0	2.0	0.0	0.0	0.0	0.0	1.0	1.0	1.0	2.0	2.0	128.0	209.0
105	1.0	55.0	55.0	16.0	3.0	3.0	0.0	1.0	0.0	1.0	2.0	2.0	1.0	110.0	110.0	16.0	5473.0
106	1.0	27.0	27.0	64.0	3.0	3.0	1.0	1.0	1.0	1.0	2.0	2.0	1.0	53.0	53.0	64.0	6009.0
107	1.0	5.0	5.0	128.0	3.0	3.0	0.0	0.0	0.0	0.0	2.0	2.0	1.0	11.0	11.0	128.0	1001.0
108	1.0	2.0	2.0	1024.0	2.0	2.0	0.0	0.0	0.0	0.0	2.0	2.0	1.0	5.0	5.0	1024.0	385.0
109	1.0	1.0	1.0	128.0	2.0	2.0	0.0	0.0	0.0	0.0	1.0	1.0	1.0	2.0	2.0	128.0	204.0
110	1.0	55.0	55.0	16.0	3.0	3.0	0.0	1.0	0.0	1.0	2.0	2.0	1.0	110.0	110.0	16.0	5625.0
111	1.0	27.0	27.0	64.0	3.0	3.0	1.0	1.0	1.0	1.0	2.0	2.0	1.0	53.0	53.0	64.0	6046.0
112	1.0	5.0	5.0	128.0	3.0	3.0	0.0	0.0	0.0	0.0	2.0	2.0	1.0	11.0	11.0	128.0	1062.0
113	1.0	2.0	2.0	1024.0	2.0	2.0	0.0	0.0	0.0	0.0	2.0	2.0	1.0	5.0	5.0	1024.0	380.0
114	1.0	1.0	1.0	128.0	2.0	2.0	0.0	0.0	0.0	0.0	1.0	1.0	1.0	2.0	2.0	128.0	203.0
115	1.0	55.0	55.0	16.0	3.0	3.0	0.0	1.0	0.0	1.0	2.0	2.0	1.0	110.0	110.0	16.0	5649.0
116	1.0	27.0	27.0	64.0	3.0	3.0	1.0	1.0	1.0	1.0	2.0	2.0	1.0	53.0	53.0	64.0	6018.0
117	1.0	5.0	5.0	128.0	3.0	3.0	0.0	0.0	0.0	0.0	2.0	2.0	1.0	11.0	11.0	128.0	1088.0
118	1.0	2.0	2.0	1024.0	2.0	2.0	0.0	0.0	0.0	0.0	2.0	2.0	1.0	5.0	5.0	1024.0	470.0
119	1.0	1.0	1.0	128.0	2.0	2.0	0.0	0.0	0.0	0.0	1.0	1.0	1.0	2.0	2.0	128.0	209.0
120	1.0	55.0	55.0	16.0	3.0	3.0	0.0	1.0	0.0	1.0	2.0	2.0	1.0	110.0	110.0	16.0	5741.0
121	1.0	27.0	27.0	64.0	3.0	3.0	1.0	1.0	1.0	1.0	2.0	2.0	1.0	53.0	53.0	64.0	6076.0
122	1.0	5.0	5.0	128.0	3.0	3.0	0.0	0.0	0.0	0.0	2.0	2.0	1.0	11.0	11.0	128.0	870.0
123	1.0	2.0	2.0	1024.0	2.0	2.0	0.0	0.0	0.0	0.0	2.0	2.0	1.0	5.0	5.0	1024.0	459.0
124	1.0	1.0	1.0	128.0	2.0	2.0	0.0	0.0	0.0	0.0	1.0	1.0	1.0	2.0	2.0	128.0	218.0
125	1.0	55.0	55.0	16.0	3.0	3.0	0.0	1.0	0.0	1.0	2.0	2.0	1.0	110.0	110.0	16.0	5779.0
126	1.0	27.0	27.0	64.0	3.0	3.0	1.0	1.0	1.0	1.0	2.0	2.0	1.0	53.0	53.0	64.0	6354.0
127	1.0	5.0	5.0	128.0	3.0	3.0	0.0	0.0	0.0	0.0	2.0	2.0	1.0	11.0	11.0	128.0	1082.0
128	1.0	2.0	2.0	1024.0	2.0	2.0	0.0	0.0	0.0	0.0	2.0	2.0	1.0	5.0	5.0	1024.0	448.0
129	1.0	1.0	1.0	128.0	2.0	2.0	0.0	0.0	0.0	0.0	1.0	1.0	1.0	2.0	2.0	128.0	208.0
130	1.0	55.0	55.0	16.0	3.0	3.0	0.0	1.0	0.0	1.0	2.0	2.0	1.0	110.0	110.0	16.0	5592.0
131	1.0	27.0	27.0	64.0	3.0	3.0	1.0	1.0	1.0	1.0	2.0	2.0	1.0	53.0	53.0	64.0	5864.0
132	1.0	5.0	5.0	128.0	3.0	3.0	0.0	0.0	0.0	0.0	2.0	2.0	1.0	11.0	11.0	128.0	1094.0
133	1.0	2.0	2.0	1024.0	2.0	2.0	0.0	0.0	0.0	0.0	2.0	2.0	1.0	5.0	5.0	1024.0	458.0
134	1.0	1.0	1.0	128.0	2.0	2.0	0.0	0.0	0.0	0.0	1.0	1.0	1.0	2.0	2.0	128.0	211.0
135	1.0	55.0	55.0	16.0	3.0	3.0	0.0	1.0	0.0	1.0	2.0	2.0	1.0	110.0	110.0	16.0	5614.0
136	1.0	27.0	27.0	64.0	3.0	3.0	1.0	1.0	1.0	1.0	2.0	2.0	1.0	53.0	53.0	64.0	6082.0
137	1.0	5.0	5.0	128.0	3.0	3.0	0.0	0.0	0.0	0.0	2.0	2.0	1.0	11.0	11.0	128.0	1046.0
138	1.0	2.0	2.0	1024.0	2.0	2.0	0.0	0.0	0.0	0.0	2.0	2.0	1.0	5.0	5.0	1024.0	453.0
139	1.0	1.0	1.0	128.0	2.0	2.0	0.0	0.0	0.0	0.0	1.0	1.0	1.0	2.0	2.0	128.0	209.0
140	1.0	55.0	55.0	16.0	3.0	3.0	0.0	1.0	0.0	1.0	2.0	2.0	1.0	110.0	110.0	16.0	5919.0
141	1.0	27.0	27.0	64.0	3.0	3.0	1.0	1.0	1.0	1.0	2.0	2.0	1.0	53.0	53.0	64.0	6268.0
142	1.0	5.0	5.0	128.0	3.0	3.0	0.0	0.0	0.0	0.0	2.0	2.0	1.0	11.0	11.0	128.0	1078.0
143	1.0	2.0	2.0	1024.0	2.0	2.0	0.0	0.0	0.0	0.0	2.0	2.0	1.0	5.0	5.0	1024.0	406.0
144	1.0	1.0	1.0	128.0	2.0	2.0	0.0	0.0	0.0	0.0	1.0	1.0	1.0	2.0	2.0	128.0	202.0
145	1.0	55.0	55.0	16.0	3.0	3.0	0.0	1.0	0.0	1.0	2.0	2.0	1.0	110.0	110.0	16.0	5297.0
146	1.0	27.0	27.0	64.0	3.0	3.0	1.0	1.0	1.0	1.0	2.0	2.0	1.0	53.0	53.0	64.0	6200.0
147	1.0	5.0	5.0	128.0	3.0	3.0	0.0	0.0	0.0	0.0	2.0	2.0	1.0	11.0	11.0	128.0	993.0
148	1.0	2.0	2.0	1024.0	2.0	2.0	0.0	0.0	0.0	0.0	2.0	2.0	1.0	5.0	5.0	1024.0	454.0
149	1.0	1.0	1.0	128.0	2.0	2.0	0.0	0.0	0.0	0.0	1.0	1.0	1.0	2.0	2.0	128.0	209.0
150	1.0	55.0	55.0	16.0	3.0	3.0	0.0	0.0	0.0	0.0	2.0	2.0	1.0	112.0	112.0	16.0	5704.0
151	1.0	55.0	55.0	32.0	2.0	2.0	0.0	1.0	0.0	1.0	1.0	1.0	1.0	55.0	55.0	32.0	4081.0
152	1.0	25.0	25.0	32.0	2.0	2.0	0.0	0.0	0.0	0.0	2.0	2.0	1.0	51.0	51.0	32.0	1004.0
153	1.0	10.0	10.0	128.0	2.0	2.0	0.0	0.0	0.0	0.0	2.0	2.0	1.0	21.0	21.0	128.0	774.0
154	1.0	3.0	3.0	128.0	3.0	3.0	0.0	0.0	0.0	0.0	1.0	1.0	1.0	5.0	5.0	128.0	767.0
155	1.0	55.0	55.0	16.0	3.0	3.0	0.0	0.0	0.0	0.0	2.0	2.0	1.0	112.0	112.0	16.0	5812.0
156	1.0	55.0	55.0	32.0	2.0	2.0	0.0	1.0	0.0	1.0	1.0	1.0	1.0	55.0	55.0	32.0	3953.0
157	1.0	25.0	25.0	32.0	2.0	2.0	0.0	0.0	0.0	0.0	2.0	2.0	1.0	51.0	51.0	32.0	981.0
158	1.0	10.0	10.0	128.0	2.0	2.0	0.0	0.0	0.0	0.0	2.0	2.0	1.0	21.0	21.0	128.0	785.0
159	1.0	3.0	3.0	128.0	3.0	3.0	0.0	0.0	0.0	0.0	1.0	1.0	1.0	5.0	5.0	128.0	761.0
160	1.0	55.0	55.0	16.0	3.0	3.0	0.0	0.0	0.0	0.0	2.0	2.0	1.0	112.0	112.0	16.0	5593.0
161	1.0	55.0	55.0	32.0	2.0	2.0	0.0	1.0	0.0	1.0	1.0	1.0	1.0	55.0	55.0	32.0	4206.0
162	1.0	25.0	25.0	32.0	2.0	2.0	0.0	0.0	0.0	0.0	2.0	2.0	1.0	51.0	51.0	32.0	965.0
163	1.0	10.0	10.0	128.0	2.0	2.0	0.0	0.0	0.0	0.0	2.0	2.0	1.0	21.0	21.0	128.0	768.0
164	1.0	3.0	3.0	128.0	3.0	3.0	0.0	0.0	0.0	0.0	1.0	1.0	1.0	5.0	5.0	128.0	737.0
165	1.0	55.0	55.0	16.0	3.0	3.0	0.0	0.0	0.0	0.0	2.0	2.0	1.0	112.0	112.0	16.0	5160.0
166	1.0	55.0	55.0	32.0	2.0	2.0	0.0	1.0	0.0	1.0	1.0	1.0	1.0	55.0	55.0	32.0	4059.0
167	1.0	25.0	25.0	32.0	2.0	2.0	0.0	0.0	0.0	0.0	2.0	2.0	1.0	51.0	51.0	32.0	1045.0
168	1.0	10.0	10.0	128.0	2.0	2.0	0.0	0.0	0.0	0.0	2.0	2.0	1.0	21.0	21.0	128.0	769.0
169	1.0	3.0	3.0	128.0	3.0	3.0	0.0	0.0	0.0	0.0	1.0	1.0	1.0	5.0	5.0	128.0	758.0
170	1.0	55.0	55.0	16.0	3.0	3.0	0.0	0.0	0.0	0.0	2.0	2.0	1.0	112.0	112.0	16.0	5957.0
171	1.0	55.0	55.0	32.0	2.0	2.0	0.0	1.0	0.0	1.0	1.0	1.0	1.0	55.0	55.0	32.0	3913.0
172	1.0	25.0	25.0	32.0	2.0	2.0	0.0	0.0	0.0	0.0	2.0	2.0	1.0	51.0	51.0	32.0	928.0
173	1.0	10.0	10.0	128.0	2.0	2.0	0.0	0.0	0.0	0.0	2.0	2.0	1.0	21.0	21.0	128.0	778.0
174	1.0	3.0	3.0	128.0	3.0	3.0	0.0	0.0	0.0	0.0	1.0	1.0	1.0	5.0	5.0	128.0	730.0
175	1.0	55.0	55.0	16.0	3.0	3.0	0.0	0.0	0.0	0.0	2.0	2.0	1.0	112.0	112.0	16.0	5680.0
176	1.0	55.0	55.0	32.0	2.0	2.0	0.0	1.0	0.0	1.0	1.0	1.0	1.0	55.0	55.0	32.0	3971.0
177	1.0	25.0	25.0	32.0	2.0	2.0	0.0	0.0	0.0	0.0	2.0	2.0	1.0	51.0	51.0	32.0	968.0
178	1.0	10.0	10.0	128.0	2.0	2.0	0.0	0.0	0.0	0.0	2.0	2.0	1.0	21.0	21.0	128.0	608.0
179	1.0	3.0	3.0	128.0	3.0	3.0	0.0	0.0	0.0	0.0	1.0	1.0	1.0	5.0	5.0	128.0	762.0
180	1.0	55.0	55.0	16.0	3.0	3.0	0.0	0.0	0.0	0.0	2.0	2.0	1.0	112.0	112.0	16.0	5669.0
181	1.0	55.0	55.0	32.0	2.0	2.0	0.0	1.0	0.0	1.0	1.0	1.0	1.0	55.0	55.0	32.0	4040.0
182	1.0	25.0	25.0	32.0	2.0	2.0	0.0	0.0	0.0	0.0	2.0	2.0	1.0	51.0	51.0	32.0	1040.0
183	1.0	10.0	10.0	128.0	2.0	2.0	0.0	0.0	0.0	0.0	2.0	2.0	1.0	21.0	21.0	128.0	761.0
184	1.0	3.0	3.0	128.0	3.0	3.0	0.0	0.0	0.0	0.0	1.0	1.0	1.0	5.0	5.0	128.0	705.0
185	1.0	55.0	55.0	16.0	3.0	3.0	0.0	0.0	0.0	0.0	2.0	2.0	1.0	112.0	112.0	16.0	5895.0
186	1.0	55.0	55.0	32.0	2.0	2.0	0.0	1.0	0.0	1.0	1.0	1.0	1.0	55.0	55.0	32.0	3867.0
187	1.0	25.0	25.0	32.0	2.0	2.0	0.0	0.0	0.0	0.0	2.0	2.0	1.0	51.0	51.0	32.0	920.0
188	1.0	10.0	10.0	128.0	2.0	2.0	0.0	0.0	0.0	0.0	2.0	2.0	1.0	21.0	21.0	128.0	633.0
189	1.0	3.0	3.0	128.0	3.0	3.0	0.0	0.0	0.0	0.0	1.0	1.0	1.0	5.0	5.0	128.0	713.0
190	1.0	55.0	55.0	16.0	3.0	3.0	0.0	0.0	0.0	0.0	2.0	2.0	1.0	112.0	112.0	16.0	5436.0
191	1.0	55.0	55.0	32.0	2.0	2.0	0.0	1.0	0.0	1.0	1.0	1.0	1.0	55.0	55.0	32.0	4045.0
192	1.0	25.0	25.0	32.0	2.0	2.0	0.0	0.0	0.0	0.0	2.0	2.0	1.0	51.0	51.0	32.0	946.0
193	1.0	10.0	10.0	128.0	2.0	2.0	0.0	0.0	0.0	0.0	2.0	2.0	1.0	21.0	21.0	128.0	740.0
194	1.0	3.0	3.0	128.0	3.0	3.0	0.0	0.0	0.0	0.0	1.0	1.0	1.0	5.0	5.0	128.0	749.0
195	1.0	55.0	55.0	16.0	3.0	3.0	0.0	0.0	0.0	0.0	2.0	2.0	1.0	112.0	112.0	16.0	5639.0
196	1.0	55.0	55.0	32.0	2.0	2.0	0.0	1.0	0.0	1.0	1.0	1.0	1.0	55.0	55.0	32.0	3894.0
197	1.0	25.0	25.0	32.0	2.0	2.0	0.0	0.0	0.0	0.0	2.0	2.0	1.0	51.0	51.0	32.0	953.0
198	1.0	10.0	10.0	128.0	2.0	2.0	0.0	0.0	0.0	0.0	2.0	2.0	1.0	21.0	21.0	128.0	756.0
199	1.0	3.0	3.0	128.0	3.0	3.0	0.0	0.0	0.0	0.0	1.0	1.0	1.0	5.0	5.0	128.0	750.0
200	1.0	110.0	110.0	16.0	2.0	2.0	0.0	0.0	0.0	0.0	2.0	2.0	1.0	220.0	220.0	16.0	7678.0
201	1.0	26.0	26.0	16.0	3.0	3.0	0.0	0.0	0.0	0.0	2.0	2.0	1.0	54.0	54.0	16.0	2709.0
202	1.0	11.0	11.0	16.0	2.0	2.0	0.0	1.0	0.0	1.0	1.0	1.0	1.0	11.0	11.0	16.0	340.0
203	1.0	9.0	9.0	512.0	3.0	3.0	0.0	0.0	0.0	0.0	1.0	1.0	1.0	11.0	11.0	512.0	5203.0
204	1.0	3.0	3.0	128.0	2.0	2.0	0.0	1.0	0.0	1.0	2.0	2.0	1.0	5.0	5.0	128.0	284.0
205	1.0	110.0	110.0	16.0	2.0	2.0	0.0	0.0	0.0	0.0	2.0	2.0	1.0	220.0	220.0	16.0	7682.0
206	1.0	26.0	26.0	16.0	3.0	3.0	0.0	0.0	0.0	0.0	2.0	2.0	1.0	54.0	54.0	16.0	2672.0
207	1.0	11.0	11.0	16.0	2.0	2.0	0.0	1.0	0.0	1.0	1.0	1.0	1.0	11.0	11.0	16.0	335.0
208	1.0	9.0	9.0	512.0	3.0	3.0	0.0	0.0	0.0	0.0	1.0	1.0	1.0	11.0	11.0	512.0	4985.0
209	1.0	3.0	3.0	128.0	2.0	2.0	0.0	1.0	0.0	1.0	2.0	2.0	1.0	5.0	5.0	128.0	293.0
210	1.0	110.0	110.0	16.0	2.0	2.0	0.0	0.0	0.0	0.0	2.0	2.0	1.0	220.0	220.0	16.0	7784.0
211	1.0	26.0	26.0	16.0	3.0	3.0	0.0	0.0	0.0	0.0	2.0	2.0	1.0	54.0	54.0	16.0	2586.0
212	1.0	11.0	11.0	16.0	2.0	2.0	0.0	1.0	0.0	1.0	1.0	1.0	1.0	11.0	11.0	16.0	313.0
213	1.0	9.0	9.0	512.0	3.0	3.0	0.0	0.0	0.0	0.0	1.0	1.0	1.0	11.0	11.0	512.0	5069.0
214	1.0	3.0	3.0	128.0	2.0	2.0	0.0	1.0	0.0	1.0	2.0	2.0	1.0	5.0	5.0	128.0	268.0
215	1.0	110.0	110.0	16.0	2.0	2.0	0.0	0.0	0.0	0.0	2.0	2.0	1.0	220.0	220.0	16.0	7888.0
216	1.0	26.0	26.0	16.0	3.0	3.0	0.0	0.0	0.0	0.0	2.0	2.0	1.0	54.0	54.0	16.0	2661.0
217	1.0	11.0	11.0	16.0	2.0	2.0	0.0	1.0	0.0	1.0	1.0	1.0	1.0	11.0	11.0	16.0	343.0
218	1.0	9.0	9.0	512.0	3.0	3.0	0.0	0.0	0.0	0.0	1.0	1.0	1.0	11.0	11.0	512.0	5142.0
219	1.0	3.0	3.0	128.0	2.0	2.0	0.0	1.0	0.0	1.0	2.0	2.0	1.0	5.0	5.0	128.0	288.0
220	1.0	110.0	110.0	16.0	2.0	2.0	0.0	0.0	0.0	0.0	2.0	2.0	1.0	220.0	220.0	16.0	8044.0
221	1.0	26.0	26.0	16.0	3.0	3.0	0.0	0.0	0.0	0.0	2.0	2.0	1.0	54.0	54.0	16.0	2823.0
222	1.0	11.0	11.0	16.0	2.0	2.0	0.0	1.0	0.0	1.0	1.0	1.0	1.0	11.0	11.0	16.0	326.0
223	1.0	9.0	9.0	512.0	3.0	3.0	0.0	0.0	0.0	0.0	1.0	1.0	1.0	11.0	11.0	512.0	5061.0
224	1.0	3.0	3.0	128.0	2.0	2.0	0.0	1.0	0.0	1.0	2.0	2.0	1.0	5.0	5.0	128.0	284.0
225	1.0	110.0	110.0	16.0	2.0	2.0	0.0	0.0	0.0	0.0	2.0	2.0	1.0	220.0	220.0	16.0	7633.0
226	1.0	26.0	26.0	16.0	3.0	3.0	0.0	0.0	0.0	0.0	2.0	2.0	1.0	54.0	54.0	16.0	2728.0
227	1.0	11.0	11.0	16.0	2.0	2.0	0.0	1.0	0.0	1.0	1.0	1.0	1.0	11.0	11.0	16.0	328.0
228	1.0	9.0	9.0	512.0	3.0	3.0	0.0	0.0	0.0	0.0	1.0	1.0	1.0	11.0	11.0	512.0	5134.0
229	1.0	3.0	3.0	128.0	2.0	2.0	0.0	1.0	0.0	1.0	2.0	2.0	1.0	5.0	5.0	128.0	267.0
230	1.0	110.0	110.0	16.0	2.0	2.0	0.0	0.0	0.0	0.0	2.0	2.0	1.0	220.0	220.0	16.0	7842.0
231	1.0	26.0	26.0	16.0	3.0	3.0	0.0	0.0	0.0	0.0	2.0	2.0	1.0	54.0	54.0	16.0	2618.0
232	1.0	11.0	11.0	16.0	2.0	2.0	0.0	1.0	0.0	1.0	1.0	1.0	1.0	11.0	11.0	16.0	332.0
233	1.0	9.0	9.0	512.0	3.0	3.0	0.0	0.0	0.0	0.0	1.0	1.0	1.0	11.0	11.0	512.0	5119.0
234	1.0	3.0	3.0	128.0	2.0	2.0	0.0	1.0	0.0	1.0	2.0	2.0	1.0	5.0	5.0	128.0	254.0
235	1.0	110.0	110.0	16.0	2.0	2.0	0.0	0.0	0.0	0.0	2.0	2.0	1.0	220.0	220.0	16.0	7870.0
236	1.0	26.0	26.0	16.0	3.0	3.0	0.0	0.0	0.0	0.0	2.0	2.0	1.0	54.0	54.0	16.0	2647.0
237	1.0	11.0	11.0	16.0	2.0	2.0	0.0	1.0	0.0	1.0	1.0	1.0	1.0	11.0	11.0	16.0	330.0
238	1.0	9.0	9.0	512.0	3.0	3.0	0.0	0.0	0.0	0.0	1.0	1.0	1.0	11.0	11.0	512.0	5110.0
239	1.0	3.0	3.0	128.0	2.0	2.0	0.0	1.0	0.0	1.0	2.0	2.0	1.0	5.0	5.0	128.0	283.0
240	1.0	110.0	110.0	16.0	2.0	2.0	0.0	0.0	0.0	0.0	2.0	2.0	1.0	220.0	220.0	16.0	7802.0
241	1.0	26.0	26.0	16.0	3.0	3.0	0.0	0.0	0.0	0.0	2.0	2.0	1.0	54.0	54.0	16.0	2680.0
242	1.0	11.0	11.0	16.0	2.0	2.0	0.0	1.0	0.0	1.0	1.0	1.0	1.0	11.0	11.0	16.0	338.0
243	1.0	9.0	9.0	512.0	3.0	3.0	0.0	0.0	0.0	0.0	1.0	1.0	1.0	11.0	11.0	512.0	4946.0
244	1.0	3.0	3.0	128.0	2.0	2.0	0.0	1.0	0.0	1.0	2.0	2.0	1.0	5.0	5.0	128.0	274.0
245	1.0	110.0	110.0	16.0	2.0	2.0	0.0	0.0	0.0	0.0	2.0	2.0	1.0	220.0	220.0	16.0	7736.0
246	1.0	26.0	26.0	16.0	3.0	3.0	0.0	0.0	0.0	0.0	2.0	2.0	1.0	54.0	54.0	16.0	2701.0
247	1.0	11.0	11.0	16.0	2.0	2.0	0.0	1.0	0.0	1.0	1.0	1.0	1.0	11.0	11.0	16.0	331.0
248	1.0	9.0	9.0	512.0	3.0	3.0	0.0	0.0	0.0	0.0	1.0	1.0	1.0	11.0	11.0	512.0	5087.0
249	1.0	3.0	3.0	128.0	2.0	2.0	0.0	1.0	0.0	1.0	2.0	2.0	1.0	5.0	5.0	128.0	285.0
250	1.0	55.0	55.0	16.0	2.0	2.0	0.0	0.0	0.0	0.0	2.0	2.0	1.0	110.0	110.0	16.0	1787.0
251	1.0	13.0	13.0	16.0	2.0	2.0	0.0	0.0	0.0	0.0	2.0	2.0	1.0	26.0	26.0	16.0	392.0
252	1.0	3.0	3.0	256.0	2.0	2.0	0.0	0.0	0.0	0.0	2.0	2.0	1.0	7.0	7.0	256.0	360.0
253	1.0	2.0	2.0	32.0	2.0	2.0	0.0	1.0	0.0	1.0	1.0	1.0	1.0	2.0	2.0	32.0	209.0
254	1.0	1.0	1.0	1024.0	2.0	2.0	0.0	0.0	0.0	0.0	2.0	2.0	1.0	2.0	2.0	1024.0	244.0
255	1.0	55.0	55.0	16.0	2.0	2.0	0.0	0.0	0.0	0.0	2.0	2.0	1.0	110.0	110.0	16.0	1827.0
256	1.0	13.0	13.0	16.0	2.0	2.0	0.0	0.0	0.0	0.0	2.0	2.0	1.0	26.0	26.0	16.0	376.0
257	1.0	3.0	3.0	256.0	2.0	2.0	0.0	0.0	0.0	0.0	2.0	2.0	1.0	7.0	7.0	256.0	327.0
258	1.0	2.0	2.0	32.0	2.0	2.0	0.0	1.0	0.0	1.0	1.0	1.0	1.0	2.0	2.0	32.0	197.0
259	1.0	1.0	1.0	1024.0	2.0	2.0	0.0	0.0	0.0	0.0	2.0	2.0	1.0	2.0	2.0	1024.0	275.0
260	1.0	55.0	55.0	16.0	2.0	2.0	0.0	0.0	0.0	0.0	2.0	2.0	1.0	110.0	110.0	16.0	1759.0
261	1.0	13.0	13.0	16.0	2.0	2.0	0.0	0.0	0.0	0.0	2.0	2.0	1.0	26.0	26.0	16.0	381.0
262	1.0	3.0	3.0	256.0	2.0	2.0	0.0	0.0	0.0	0.0	2.0	2.0	1.0	7.0	7.0	256.0	351.0
263	1.0	2.0	2.0	32.0	2.0	2.0	0.0	1.0	0.0	1.0	1.0	1.0	1.0	2.0	2.0	32.0	205.0
264	1.0	1.0	1.0	1024.0	2.0	2.0	0.0	0.0	0.0	0.0	2.0	2.0	1.0	2.0	2.0	1024.0	289.0
265	1.0	55.0	55.0	16.0	2.0	2.0	0.0	0.0	0.0	0.0	2.0	2.0	1.0	110.0	110.0	16.0	2004.0
266	1.0	13.0	13.0	16.0	2.0	2.0	0.0	0.0	0.0	0.0	2.0	2.0	1.0	26.0	26.0	16.0	388.0
267	1.0	3.0	3.0	256.0	2.0	2.0	0.0	0.0	0.0	0.0	2.0	2.0	1.0	7.0	7.0	256.0	358.0
268	1.0	2.0	2.0	32.0	2.0	2.0	0.0	1.0	0.0	1.0	1.0	1.0	1.0	2.0	2.0	32.0	212.0
269	1.0	1.0	1.0	1024.0	2.0	2.0	0.0	0.0	0.0	0.0	2.0	2.0	1.0	2.0	2.0	1024.0	276.0
270	1.0	55.0	55.0	16.0	2.0	2.0	0.0	0.0	0.0	0.0	2.0	2.0	1.0	110.0	110.0	16.0	1782.0
271	1.0	13.0	13.0	16.0	2.0	2.0	0.0	0.0	0.0	0.0	2.0	2.0	1.0	26.0	26.0	16.0	375.0
272	1.0	3.0	3.0	256.0	2.0	2.0	0.0	0.0	0.0	0.0	2.0	2.0	1.0	7.0	7.0	256.0	342.0
273	1.0	2.0	2.0	32.0	2.0	2.0	0.0	1.0	0.0	1.0	1.0	1.0	1.0	2.0	2.0	32.0	206.0
274	1.0	1.0	1.0	1024.0	2.0	2.0	0.0	0.0	0.0	0.0	2.0	2.0	1.0	2.0	2.0	1024.0	270.0
275	1.0	55.0	55.0	16.0	2.0	2.0	0.0	0.0	0.0	0.0	2.0	2.0	1.0	110.0	110.0	16.0	1833.0
276	1.0	13.0	13.0	16.0	2.0	2.0	0.0	0.0	0.0	0.0	2.0	2.0	1.0	26.0	26.0	16.0	380.0
277	1.0	3.0	3.0	256.0	2.0	2.0	0.0	0.0	0.0	0.0	2.0	2.0	1.0	7.0	7.0	256.0	277.0
278	1.0	2.0	2.0	32.0	2.0	2.0	0.0	1.0	0.0	1.0	1.0	1.0	1.0	2.0	2.0	32.0	205.0
279	1.0	1.0	1.0	1024.0	2.0	2.0	0.0	0.0	0.0	0.0	2.0	2.0	1.0	2.0	2.0	1024.0	272.0
280	1.0	55.0	55.0	16.0	2.0	2.0	0.0	0.0	0.0	0.0	2.0	2.0	1.0	110.0	110.0	16.0	1882.0
281	1.0	13.0	13.0	16.0	2.0	2.0	0.0	0.0	0.0	0.0	2.0	2.0	1.0	26.0	26.0	16.0	386.0
282	1.0	3.0	3.0	256.0	2.0	2.0	0.0	0.0	0.0	0.0	2.0	2.0	1.0	7.0	7.0	256.0	363.0
283	1.0	2.0	2.0	32.0	2.0	2.0	0.0	1.0	0.0	1.0	1.0	1.0	1.0	2.0	2.0	32.0	205.0
284	1.0	1.0	1.0	1024.0	2.0	2.0	0.0	0.0	0.0	0.0	2.0	2.0	1.0	2.0	2.0	1024.0	279.0
285	1.0	55.0	55.0	16.0	2.0	2.0	0.0	0.0	0.0	0.0	2.0	2.0	1.0	110.0	110.0	16.0	1886.0
286	1.0	13.0	13.0	16.0	2.0	2.0	0.0	0.0	0.0	0.0	2.0	2.0	1.0	26.0	26.0	16.0	380.0
287	1.0	3.0	3.0	256.0	2.0	2.0	0.0	0.0	0.0	0.0	2.0	2.0	1.0	7.0	7.0	256.0	356.0
288	1.0	2.0	2.0	32.0	2.0	2.0	0.0	1.0	0.0	1.0	1.0	1.0	1.0	2.0	2.0	32.0	209.0
289	1.0	1.0	1.0	1024.0	2.0	2.0	0.0	0.0	0.0	0.0	2.0	2.0	1.0	2.0	2.0	1024.0	278.0
290	1.0	55.0	55.0	16.0	2.0	2.0	0.0	0.0	0.0	0.0	2.0	2.0	1.0	110.0	110.0	16.0	1857.0
291	1.0	13.0	13.0	16.0	2.0	2.0	0.0	0.0	0.0	0.0	2.0	2.0	1.0	26.0	26.0	16.0	336.0
292	1.0	3.0	3.0	256.0	2.0	2.0	0.0	0.0	0.0	0.0	2.0	2.0	1.0	7.0	7.0	256.0	337.0
293	1.0	2.0	2.0	32.0	2.0	2.0	0.0	1.0	0.0	1.0	1.0	1.0	1.0	2.0	2.0	32.0	208.0
294	1.0	1.0	1.0	1024.0	2.0	2.0	0.0	0.0	0.0	0.0	2.0	2.0	1.0	2.0	2.0	1024.0	260.0
295	1.0	55.0	55.0	16.0	2.0	2.0	0.0	0.0	0.0	0.0	2.0	2.0	1.0	110.0	110.0	16.0	1830.0
296	1.0	13.0	13.0	16.0	2.0	2.0	0.0	0.0	0.0	0.0	2.0	2.0	1.0	26.0	26.0	16.0	388.0
297	1.0	3.0	3.0	256.0	2.0	2.0	0.0	0.0	0.0	0.0	2.0	2.0	1.0	7.0	7.0	256.0	355.0
298	1.0	2.0	2.0	32.0	2.0	2.0	0.0	1.0	0.0	1.0	1.0	1.0	1.0	2.0	2.0	32.0	206.0
299	1.0	1.0	1.0	1024.0	2.0	2.0	0.0	0.0	0.0	0.0	2.0	2.0	1.0	2.0	2.0	1024.0	279.0
300	1.0	222.0	222.0	16.0	3.0	3.0	0.0	0.0	0.0	0.0	1.0	1.0	1.0	224.0	224.0	16.0	90144.0
301	1.0	111.0	111.0	16.0	3.0	3.0	0.0	1.0	0.0	1.0	2.0	2.0	1.0	222.0	222.0	16.0	25277.0
302	1.0	27.0	27.0	16.0	3.0	3.0	0.0	0.0	0.0	0.0	2.0	2.0	1.0	56.0	56.0	16.0	2813.0
303	1.0	14.0	14.0	256.0	3.0	3.0	1.0	1.0	1.0	1.0	2.0	2.0	1.0	27.0	27.0	256.0	7615.0
304	1.0	14.0	14.0	128.0	2.0	2.0	0.0	1.0	0.0	1.0	1.0	1.0	1.0	14.0	14.0	128.0	1092.0
305	1.0	222.0	222.0	16.0	3.0	3.0	0.0	0.0	0.0	0.0	1.0	1.0	1.0	224.0	224.0	16.0	90974.0
306	1.0	111.0	111.0	16.0	3.0	3.0	0.0	1.0	0.0	1.0	2.0	2.0	1.0	222.0	222.0	16.0	24137.0
307	1.0	27.0	27.0	16.0	3.0	3.0	0.0	0.0	0.0	0.0	2.0	2.0	1.0	56.0	56.0	16.0	2644.0
308	1.0	14.0	14.0	256.0	3.0	3.0	1.0	1.0	1.0	1.0	2.0	2.0	1.0	27.0	27.0	256.0	7633.0
309	1.0	14.0	14.0	128.0	2.0	2.0	0.0	1.0	0.0	1.0	1.0	1.0	1.0	14.0	14.0	128.0	1085.0
310	1.0	222.0	222.0	16.0	3.0	3.0	0.0	0.0	0.0	0.0	1.0	1.0	1.0	224.0	224.0	16.0	88861.0
311	1.0	111.0	111.0	16.0	3.0	3.0	0.0	1.0	0.0	1.0	2.0	2.0	1.0	222.0	222.0	16.0	25023.0
312	1.0	27.0	27.0	16.0	3.0	3.0	0.0	0.0	0.0	0.0	2.0	2.0	1.0	56.0	56.0	16.0	2689.0
313	1.0	14.0	14.0	256.0	3.0	3.0	1.0	1.0	1.0	1.0	2.0	2.0	1.0	27.0	27.0	256.0	7457.0
314	1.0	14.0	14.0	128.0	2.0	2.0	0.0	1.0	0.0	1.0	1.0	1.0	1.0	14.0	14.0	128.0	1029.0
315	1.0	222.0	222.0	16.0	3.0	3.0	0.0	0.0	0.0	0.0	1.0	1.0	1.0	224.0	224.0	16.0	89603.0
316	1.0	111.0	111.0	16.0	3.0	3.0	0.0	1.0	0.0	1.0	2.0	2.0	1.0	222.0	222.0	16.0	24386.0
317	1.0	27.0	27.0	16.0	3.0	3.0	0.0	0.0	0.0	0.0	2.0	2.0	1.0	56.0	56.0	16.0	2813.0
318	1.0	14.0	14.0	256.0	3.0	3.0	1.0	1.0	1.0	1.0	2.0	2.0	1.0	27.0	27.0	256.0	7225.0
319	1.0	14.0	14.0	128.0	2.0	2.0	0.0	1.0	0.0	1.0	1.0	1.0	1.0	14.0	14.0	128.0	1023.0
320	1.0	222.0	222.0	16.0	3.0	3.0	0.0	0.0	0.0	0.0	1.0	1.0	1.0	224.0	224.0	16.0	89166.0
321	1.0	111.0	111.0	16.0	3.0	3.0	0.0	1.0	0.0	1.0	2.0	2.0	1.0	222.0	222.0	16.0	24407.0
322	1.0	27.0	27.0	16.0	3.0	3.0	0.0	0.0	0.0	0.0	2.0	2.0	1.0	56.0	56.0	16.0	2573.0
323	1.0	14.0	14.0	256.0	3.0	3.0	1.0	1.0	1.0	1.0	2.0	2.0	1.0	27.0	27.0	256.0	7103.0
324	1.0	14.0	14.0	128.0	2.0	2.0	0.0	1.0	0.0	1.0	1.0	1.0	1.0	14.0	14.0	128.0	1061.0
325	1.0	222.0	222.0	16.0	3.0	3.0	0.0	0.0	0.0	0.0	1.0	1.0	1.0	224.0	224.0	16.0	88545.0
326	1.0	111.0	111.0	16.0	3.0	3.0	0.0	1.0	0.0	1.0	2.0	2.0	1.0	222.0	222.0	16.0	24631.0
327	1.0	27.0	27.0	16.0	3.0	3.0	0.0	0.0	0.0	0.0	2.0	2.0	1.0	56.0	56.0	16.0	2795.0
328	1.0	14.0	14.0	256.0	3.0	3.0	1.0	1.0	1.0	1.0	2.0	2.0	1.0	27.0	27.0	256.0	7364.0
329	1.0	14.0	14.0	128.0	2.0	2.0	0.0	1.0	0.0	1.0	1.0	1.0	1.0	14.0	14.0	128.0	1078.0
330	1.0	222.0	222.0	16.0	3.0	3.0	0.0	0.0	0.0	0.0	1.0	1.0	1.0	224.0	224.0	16.0	92110.0
331	1.0	111.0	111.0	16.0	3.0	3.0	0.0	1.0	0.0	1.0	2.0	2.0	1.0	222.0	222.0	16.0	24861.0
332	1.0	27.0	27.0	16.0	3.0	3.0	0.0	0.0	0.0	0.0	2.0	2.0	1.0	56.0	56.0	16.0	2673.0
333	1.0	14.0	14.0	256.0	3.0	3.0	1.0	1.0	1.0	1.0	2.0	2.0	1.0	27.0	27.0	256.0	7386.0
334	1.0	14.0	14.0	128.0	2.0	2.0	0.0	1.0	0.0	1.0	1.0	1.0	1.0	14.0	14.0	128.0	1172.0
335	1.0	222.0	222.0	16.0	3.0	3.0	0.0	0.0	0.0	0.0	1.0	1.0	1.0	224.0	224.0	16.0	89762.0
336	1.0	111.0	111.0	16.0	3.0	3.0	0.0	1.0	0.0	1.0	2.0	2.0	1.0	222.0	222.0	16.0	24878.0
337	1.0	27.0	27.0	16.0	3.0	3.0	0.0	0.0	0.0	0.0	2.0	2.0	1.0	56.0	56.0	16.0	2827.0
338	1.0	14.0	14.0	256.0	3.0	3.0	1.0	1.0	1.0	1.0	2.0	2.0	1.0	27.0	27.0	256.0	7160.0
339	1.0	14.0	14.0	128.0	2.0	2.0	0.0	1.0	0.0	1.0	1.0	1.0	1.0	14.0	14.0	128.0	1076.0
340	1.0	222.0	222.0	16.0	3.0	3.0	0.0	0.0	0.0	0.0	1.0	1.0	1.0	224.0	224.0	16.0	90400.0
341	1.0	111.0	111.0	16.0	3.0	3.0	0.0	1.0	0.0	1.0	2.0	2.0	1.0	222.0	222.0	16.0	24550.0
342	1.0	27.0	27.0	16.0	3.0	3.0	0.0	0.0	0.0	0.0	2.0	2.0	1.0	56.0	56.0	16.0	2645.0
343	1.0	14.0	14.0	256.0	3.0	3.0	1.0	1.0	1.0	1.0	2.0	2.0	1.0	27.0	27.0	256.0	7514.0
344	1.0	14.0	14.0	128.0	2.0	2.0	0.0	1.0	0.0	1.0	1.0	1.0	1.0	14.0	14.0	128.0	1097.0
345	1.0	222.0	222.0	16.0	3.0	3.0	0.0	0.0	0.0	0.0	1.0	1.0	1.0	224.0	224.0	16.0	89554.0
346	1.0	111.0	111.0	16.0	3.0	3.0	0.0	1.0	0.0	1.0	2.0	2.0	1.0	222.0	222.0	16.0	24681.0
347	1.0	27.0	27.0	16.0	3.0	3.0	0.0	0.0	0.0	0.0	2.0	2.0	1.0	56.0	56.0	16.0	2775.0
348	1.0	14.0	14.0	256.0	3.0	3.0	1.0	1.0	1.0	1.0	2.0	2.0	1.0	27.0	27.0	256.0	7297.0
349	1.0	14.0	14.0	128.0	2.0	2.0	0.0	1.0	0.0	1.0	1.0	1.0	1.0	14.0	14.0	128.0	1004.0
350	1.0	112.0	112.0	3.0	2.0	2.0	0.0	0.0	0.0	0.0	2.0	2.0	1.0	224.0	224.0	3.0	1560.0
351	1.0	56.0	56.0	3.0	2.0	2.0	0.0	0.0	0.0	0.0	2.0	2.0	1.0	112.0	112.0	3.0	627.0
352	1.0	54.0	54.0	3.0	3.0	3.0	0.0	0.0	0.0	0.0	1.0	1.0	1.0	56.0	56.0	3.0	2525.0
353	1.0	53.0	53.0	3.0	2.0	2.0	0.0	0.0	0.0	0.0	1.0	1.0	1.0	54.0	54.0	3.0	614.0
354	1.0	26.0	26.0	3.0	3.0	3.0	0.0	0.0	0.0	0.0	2.0	2.0	1.0	53.0	53.0	3.0	867.0
355	1.0	25.0	25.0	3.0	2.0	2.0	0.0	0.0	0.0	0.0	1.0	1.0	1.0	26.0	26.0	3.0	329.0
356	1.0	12.0	12.0	3.0	2.0	2.0	0.0	0.0	0.0	0.0	2.0	2.0	1.0	25.0	25.0	3.0	235.0
357	1.0	5.0	5.0	3.0	3.0	3.0	0.0	0.0	0.0	0.0	2.0	2.0	1.0	12.0	12.0	3.0	541.0
358	1.0	3.0	3.0	3.0	3.0	3.0	0.0	0.0	0.0	0.0	1.0	1.0	1.0	5.0	5.0	3.0	527.0
359	1.0	1.0	1.0	3.0	3.0	3.0	0.0	0.0	0.0	0.0	1.0	1.0	1.0	3.0	3.0	3.0	522.0
360	1.0	112.0	112.0	3.0	2.0	2.0	0.0	0.0	0.0	0.0	2.0	2.0	1.0	224.0	224.0	3.0	1526.0
361	1.0	56.0	56.0	3.0	2.0	2.0	0.0	0.0	0.0	0.0	2.0	2.0	1.0	112.0	112.0	3.0	568.0
362	1.0	54.0	54.0	3.0	3.0	3.0	0.0	0.0	0.0	0.0	1.0	1.0	1.0	56.0	56.0	3.0	2556.0
363	1.0	53.0	53.0	3.0	2.0	2.0	0.0	0.0	0.0	0.0	1.0	1.0	1.0	54.0	54.0	3.0	626.0
364	1.0	26.0	26.0	3.0	3.0	3.0	0.0	0.0	0.0	0.0	2.0	2.0	1.0	53.0	53.0	3.0	884.0
365	1.0	25.0	25.0	3.0	2.0	2.0	0.0	0.0	0.0	0.0	1.0	1.0	1.0	26.0	26.0	3.0	319.0
366	1.0	12.0	12.0	3.0	2.0	2.0	0.0	0.0	0.0	0.0	2.0	2.0	1.0	25.0	25.0	3.0	236.0
367	1.0	5.0	5.0	3.0	3.0	3.0	0.0	0.0	0.0	0.0	2.0	2.0	1.0	12.0	12.0	3.0	542.0
368	1.0	3.0	3.0	3.0	3.0	3.0	0.0	0.0	0.0	0.0	1.0	1.0	1.0	5.0	5.0	3.0	530.0
369	1.0	1.0	1.0	3.0	3.0	3.0	0.0	0.0	0.0	0.0	1.0	1.0	1.0	3.0	3.0	3.0	514.0
370	1.0	112.0	112.0	3.0	2.0	2.0	0.0	0.0	0.0	0.0	2.0	2.0	1.0	224.0	224.0	3.0	1522.0
371	1.0	56.0	56.0	3.0	2.0	2.0	0.0	0.0	0.0	0.0	2.0	2.0	1.0	112.0	112.0	3.0	686.0
372	1.0	54.0	54.0	3.0	3.0	3.0	0.0	0.0	0.0	0.0	1.0	1.0	1.0	56.0	56.0	3.0	2719.0
373	1.0	53.0	53.0	3.0	2.0	2.0	0.0	0.0	0.0	0.0	1.0	1.0	1.0	54.0	54.0	3.0	645.0
374	1.0	26.0	26.0	3.0	3.0	3.0	0.0	0.0	0.0	0.0	2.0	2.0	1.0	53.0	53.0	3.0	783.0
375	1.0	25.0	25.0	3.0	2.0	2.0	0.0	0.0	0.0	0.0	1.0	1.0	1.0	26.0	26.0	3.0	330.0
376	1.0	12.0	12.0	3.0	2.0	2.0	0.0	0.0	0.0	0.0	2.0	2.0	1.0	25.0	25.0	3.0	215.0
377	1.0	5.0	5.0	3.0	3.0	3.0	0.0	0.0	0.0	0.0	2.0	2.0	1.0	12.0	12.0	3.0	519.0
378	1.0	3.0	3.0	3.0	3.0	3.0	0.0	0.0	0.0	0.0	1.0	1.0	1.0	5.0	5.0	3.0	513.0
379	1.0	1.0	1.0	3.0	3.0	3.0	0.0	0.0	0.0	0.0	1.0	1.0	1.0	3.0	3.0	3.0	506.0
380	1.0	112.0	112.0	3.0	2.0	2.0	0.0	0.0	0.0	0.0	2.0	2.0	1.0	224.0	224.0	3.0	1550.0
381	1.0	56.0	56.0	3.0	2.0	2.0	0.0	0.0	0.0	0.0	2.0	2.0	1.0	112.0	112.0	3.0	680.0
382	1.0	54.0	54.0	3.0	3.0	3.0	0.0	0.0	0.0	0.0	1.0	1.0	1.0	56.0	56.0	3.0	2497.0
383	1.0	53.0	53.0	3.0	2.0	2.0	0.0	0.0	0.0	0.0	1.0	1.0	1.0	54.0	54.0	3.0	655.0
384	1.0	26.0	26.0	3.0	3.0	3.0	0.0	0.0	0.0	0.0	2.0	2.0	1.0	53.0	53.0	3.0	912.0
385	1.0	25.0	25.0	3.0	2.0	2.0	0.0	0.0	0.0	0.0	1.0	1.0	1.0	26.0	26.0	3.0	331.0
386	1.0	12.0	12.0	3.0	2.0	2.0	0.0	0.0	0.0	0.0	2.0	2.0	1.0	25.0	25.0	3.0	232.0
387	1.0	5.0	5.0	3.0	3.0	3.0	0.0	0.0	0.0	0.0	2.0	2.0	1.0	12.0	12.0	3.0	545.0
388	1.0	3.0	3.0	3.0	3.0	3.0	0.0	0.0	0.0	0.0	1.0	1.0	1.0	5.0	5.0	3.0	534.0
389	1.0	1.0	1.0	3.0	3.0	3.0	0.0	0.0	0.0	0.0	1.0	1.0	1.0	3.0	3.0	3.0	528.0
390	1.0	112.0	112.0	3.0	2.0	2.0	0.0	0.0	0.0	0.0	2.0	2.0	1.0	224.0	224.0	3.0	1510.0
391	1.0	56.0	56.0	3.0	2.0	2.0	0.0	0.0	0.0	0.0	2.0	2.0	1.0	112.0	112.0	3.0	617.0
392	1.0	54.0	54.0	3.0	3.0	3.0	0.0	0.0	0.0	0.0	1.0	1.0	1.0	56.0	56.0	3.0	2677.0
393	1.0	53.0	53.0	3.0	2.0	2.0	0.0	0.0	0.0	0.0	1.0	1.0	1.0	54.0	54.0	3.0	631.0
394	1.0	26.0	26.0	3.0	3.0	3.0	0.0	0.0	0.0	0.0	2.0	2.0	1.0	53.0	53.0	3.0	919.0
395	1.0	25.0	25.0	3.0	2.0	2.0	0.0	0.0	0.0	0.0	1.0	1.0	1.0	26.0	26.0	3.0	324.0
396	1.0	12.0	12.0	3.0	2.0	2.0	0.0	0.0	0.0	0.0	2.0	2.0	1.0	25.0	25.0	3.0	237.0
397	1.0	5.0	5.0	3.0	3.0	3.0	0.0	0.0	0.0	0.0	2.0	2.0	1.0	12.0	12.0	3.0	543.0
398	1.0	3.0	3.0	3.0	3.0	3.0	0.0	0.0	0.0	0.0	1.0	1.0	1.0	5.0	5.0	3.0	530.0
399	1.0	1.0	1.0	3.0	3.0	3.0	0.0	0.0	0.0	0.0	1.0	1.0	1.0	3.0	3.0	3.0	527.0
400	1.0	112.0	112.0	3.0	2.0	2.0	0.0	0.0	0.0	0.0	2.0	2.0	1.0	224.0	224.0	3.0	1596.0
401	1.0	56.0	56.0	3.0	2.0	2.0	0.0	0.0	0.0	0.0	2.0	2.0	1.0	112.0	112.0	3.0	666.0
402	1.0	54.0	54.0	3.0	3.0	3.0	0.0	0.0	0.0	0.0	1.0	1.0	1.0	56.0	56.0	3.0	2693.0
403	1.0	53.0	53.0	3.0	2.0	2.0	0.0	0.0	0.0	0.0	1.0	1.0	1.0	54.0	54.0	3.0	641.0
404	1.0	26.0	26.0	3.0	3.0	3.0	0.0	0.0	0.0	0.0	2.0	2.0	1.0	53.0	53.0	3.0	917.0
405	1.0	25.0	25.0	3.0	2.0	2.0	0.0	0.0	0.0	0.0	1.0	1.0	1.0	26.0	26.0	3.0	335.0
406	1.0	12.0	12.0	3.0	2.0	2.0	0.0	0.0	0.0	0.0	2.0	2.0	1.0	25.0	25.0	3.0	237.0
407	1.0	5.0	5.0	3.0	3.0	3.0	0.0	0.0	0.0	0.0	2.0	2.0	1.0	12.0	12.0	3.0	545.0
408	1.0	3.0	3.0	3.0	3.0	3.0	0.0	0.0	0.0	0.0	1.0	1.0	1.0	5.0	5.0	3.0	533.0
409	1.0	1.0	1.0	3.0	3.0	3.0	0.0	0.0	0.0	0.0	1.0	1.0	1.0	3.0	3.0	3.0	529.0
410	1.0	112.0	112.0	3.0	2.0	2.0	0.0	0.0	0.0	0.0	2.0	2.0	1.0	224.0	224.0	3.0	1521.0
411	1.0	56.0	56.0	3.0	2.0	2.0	0.0	0.0	0.0	0.0	2.0	2.0	1.0	112.0	112.0	3.0	549.0
412	1.0	54.0	54.0	3.0	3.0	3.0	0.0	0.0	0.0	0.0	1.0	1.0	1.0	56.0	56.0	3.0	2452.0
413	1.0	53.0	53.0	3.0	2.0	2.0	0.0	0.0	0.0	0.0	1.0	1.0	1.0	54.0	54.0	3.0	612.0
414	1.0	26.0	26.0	3.0	3.0	3.0	0.0	0.0	0.0	0.0	2.0	2.0	1.0	53.0	53.0	3.0	852.0
415	1.0	25.0	25.0	3.0	2.0	2.0	0.0	0.0	0.0	0.0	1.0	1.0	1.0	26.0	26.0	3.0	314.0
416	1.0	12.0	12.0	3.0	2.0	2.0	0.0	0.0	0.0	0.0	2.0	2.0	1.0	25.0	25.0	3.0	234.0
417	1.0	5.0	5.0	3.0	3.0	3.0	0.0	0.0	0.0	0.0	2.0	2.0	1.0	12.0	12.0	3.0	544.0
418	1.0	3.0	3.0	3.0	3.0	3.0	0.0	0.0	0.0	0.0	1.0	1.0	1.0	5.0	5.0	3.0	531.0
419	1.0	1.0	1.0	3.0	3.0	3.0	0.0	0.0	0.0	0.0	1.0	1.0	1.0	3.0	3.0	3.0	519.0
420	1.0	112.0	112.0	3.0	2.0	2.0	0.0	0.0	0.0	0.0	2.0	2.0	1.0	224.0	224.0	3.0	1547.0
421	1.0	56.0	56.0	3.0	2.0	2.0	0.0	0.0	0.0	0.0	2.0	2.0	1.0	112.0	112.0	3.0	656.0
422	1.0	54.0	54.0	3.0	3.0	3.0	0.0	0.0	0.0	0.0	1.0	1.0	1.0	56.0	56.0	3.0	2493.0
423	1.0	53.0	53.0	3.0	2.0	2.0	0.0	0.0	0.0	0.0	1.0	1.0	1.0	54.0	54.0	3.0	542.0
424	1.0	26.0	26.0	3.0	3.0	3.0	0.0	0.0	0.0	0.0	2.0	2.0	1.0	53.0	53.0	3.0	823.0
425	1.0	25.0	25.0	3.0	2.0	2.0	0.0	0.0	0.0	0.0	1.0	1.0	1.0	26.0	26.0	3.0	316.0
426	1.0	12.0	12.0	3.0	2.0	2.0	0.0	0.0	0.0	0.0	2.0	2.0	1.0	25.0	25.0	3.0	235.0
427	1.0	5.0	5.0	3.0	3.0	3.0	0.0	0.0	0.0	0.0	2.0	2.0	1.0	12.0	12.0	3.0	550.0
428	1.0	3.0	3.0	3.0	3.0	3.0	0.0	0.0	0.0	0.0	1.0	1.0	1.0	5.0	5.0	3.0	522.0
429	1.0	1.0	1.0	3.0	3.0	3.0	0.0	0.0	0.0	0.0	1.0	1.0	1.0	3.0	3.0	3.0	518.0
430	1.0	112.0	112.0	3.0	2.0	2.0	0.0	0.0	0.0	0.0	2.0	2.0	1.0	224.0	224.0	3.0	1505.0
431	1.0	56.0	56.0	3.0	2.0	2.0	0.0	0.0	0.0	0.0	2.0	2.0	1.0	112.0	112.0	3.0	652.0
432	1.0	54.0	54.0	3.0	3.0	3.0	0.0	0.0	0.0	0.0	1.0	1.0	1.0	56.0	56.0	3.0	2503.0
433	1.0	53.0	53.0	3.0	2.0	2.0	0.0	0.0	0.0	0.0	1.0	1.0	1.0	54.0	54.0	3.0	669.0
434	1.0	26.0	26.0	3.0	3.0	3.0	0.0	0.0	0.0	0.0	2.0	2.0	1.0	53.0	53.0	3.0	919.0
435	1.0	25.0	25.0	3.0	2.0	2.0	0.0	0.0	0.0	0.0	1.0	1.0	1.0	26.0	26.0	3.0	327.0
436	1.0	12.0	12.0	3.0	2.0	2.0	0.0	0.0	0.0	0.0	2.0	2.0	1.0	25.0	25.0	3.0	237.0
437	1.0	5.0	5.0	3.0	3.0	3.0	0.0	0.0	0.0	0.0	2.0	2.0	1.0	12.0	12.0	3.0	539.0
438	1.0	3.0	3.0	3.0	3.0	3.0	0.0	0.0	0.0	0.0	1.0	1.0	1.0	5.0	5.0	3.0	535.0
439	1.0	1.0	1.0	3.0	3.0	3.0	0.0	0.0	0.0	0.0	1.0	1.0	1.0	3.0	3.0	3.0	529.0
440	1.0	112.0	112.0	3.0	2.0	2.0	0.0	0.0	0.0	0.0	2.0	2.0	1.0	224.0	224.0	3.0	1494.0
441	1.0	56.0	56.0	3.0	2.0	2.0	0.0	0.0	0.0	0.0	2.0	2.0	1.0	112.0	112.0	3.0	652.0
442	1.0	54.0	54.0	3.0	3.0	3.0	0.0	0.0	0.0	0.0	1.0	1.0	1.0	56.0	56.0	3.0	2268.0
443	1.0	53.0	53.0	3.0	2.0	2.0	0.0	0.0	0.0	0.0	1.0	1.0	1.0	54.0	54.0	3.0	627.0
444	1.0	26.0	26.0	3.0	3.0	3.0	0.0	0.0	0.0	0.0	2.0	2.0	1.0	53.0	53.0	3.0	828.0
445	1.0	25.0	25.0	3.0	2.0	2.0	0.0	0.0	0.0	0.0	1.0	1.0	1.0	26.0	26.0	3.0	278.0
446	1.0	12.0	12.0	3.0	2.0	2.0	0.0	0.0	0.0	0.0	2.0	2.0	1.0	25.0	25.0	3.0	216.0
447	1.0	5.0	5.0	3.0	3.0	3.0	0.0	0.0	0.0	0.0	2.0	2.0	1.0	12.0	12.0	3.0	523.0
448	1.0	3.0	3.0	3.0	3.0	3.0	0.0	0.0	0.0	0.0	1.0	1.0	1.0	5.0	5.0	3.0	528.0
449	1.0	1.0	1.0	3.0	3.0	3.0	0.0	0.0	0.0	0.0	1.0	1.0	1.0	3.0	3.0	3.0	520.0
450	1.0	124.0	127.0	1.0	5.0	2.0	0.0	0.0	0.0	0.0	1.0	1.0	1.0	128.0	128.0	1.0	2385.0
451	1.0	123.0	124.0	1.0	2.0	4.0	0.0	0.0	0.0	0.0	1.0	1.0	1.0	124.0	127.0	1.0	2637.0
452	1.0	31.0	30.0	1.0	2.0	5.0	0.0	0.0	0.0	0.0	4.0	4.0	1.0	123.0	124.0	1.0	801.0
453	1.0	7.0	6.0	1.0	1.0	2.0	0.0	0.0	0.0	0.0	5.0	5.0	1.0	31.0	30.0	1.0	66.0
454	1.0	2.0	2.0	1.0	3.0	2.0	0.0	0.0	0.0	0.0	4.0	4.0	1.0	7.0	6.0	1.0	335.0
455	1.0	124.0	127.0	1.0	5.0	2.0	0.0	0.0	0.0	0.0	1.0	1.0	1.0	128.0	128.0	1.0	2429.0
456	1.0	123.0	124.0	1.0	2.0	4.0	0.0	0.0	0.0	0.0	1.0	1.0	1.0	124.0	127.0	1.0	2605.0
457	1.0	31.0	30.0	1.0	2.0	5.0	0.0	0.0	0.0	0.0	4.0	4.0	1.0	123.0	124.0	1.0	810.0
458	1.0	7.0	6.0	1.0	1.0	2.0	0.0	0.0	0.0	0.0	5.0	5.0	1.0	31.0	30.0	1.0	67.0
459	1.0	2.0	2.0	1.0	3.0	2.0	0.0	0.0	0.0	0.0	4.0	4.0	1.0	7.0	6.0	1.0	322.0
460	1.0	124.0	127.0	1.0	5.0	2.0	0.0	0.0	0.0	0.0	1.0	1.0	1.0	128.0	128.0	1.0	2479.0
461	1.0	123.0	124.0	1.0	2.0	4.0	0.0	0.0	0.0	0.0	1.0	1.0	1.0	124.0	127.0	1.0	2668.0
462	1.0	31.0	30.0	1.0	2.0	5.0	0.0	0.0	0.0	0.0	4.0	4.0	1.0	123.0	124.0	1.0	814.0
463	1.0	7.0	6.0	1.0	1.0	2.0	0.0	0.0	0.0	0.0	5.0	5.0	1.0	31.0	30.0	1.0	68.0
464	1.0	2.0	2.0	1.0	3.0	2.0	0.0	0.0	0.0	0.0	4.0	4.0	1.0	7.0	6.0	1.0	326.0
465	1.0	124.0	127.0	1.0	5.0	2.0	0.0	0.0	0.0	0.0	1.0	1.0	1.0	128.0	128.0	1.0	2418.0
466	1.0	123.0	124.0	1.0	2.0	4.0	0.0	0.0	0.0	0.0	1.0	1.0	1.0	124.0	127.0	1.0	2710.0
467	1.0	31.0	30.0	1.0	2.0	5.0	0.0	0.0	0.0	0.0	4.0	4.0	1.0	123.0	124.0	1.0	776.0
468	1.0	7.0	6.0	1.0	1.0	2.0	0.0	0.0	0.0	0.0	5.0	5.0	1.0	31.0	30.0	1.0	65.0
469	1.0	2.0	2.0	1.0	3.0	2.0	0.0	0.0	0.0	0.0	4.0	4.0	1.0	7.0	6.0	1.0	322.0
470	1.0	124.0	127.0	1.0	5.0	2.0	0.0	0.0	0.0	0.0	1.0	1.0	1.0	128.0	128.0	1.0	2563.0
471	1.0	123.0	124.0	1.0	2.0	4.0	0.0	0.0	0.0	0.0	1.0	1.0	1.0	124.0	127.0	1.0	2956.0
472	1.0	31.0	30.0	1.0	2.0	5.0	0.0	0.0	0.0	0.0	4.0	4.0	1.0	123.0	124.0	1.0	788.0
473	1.0	7.0	6.0	1.0	1.0	2.0	0.0	0.0	0.0	0.0	5.0	5.0	1.0	31.0	30.0	1.0	66.0
474	1.0	2.0	2.0	1.0	3.0	2.0	0.0	0.0	0.0	0.0	4.0	4.0	1.0	7.0	6.0	1.0	326.0
475	1.0	124.0	127.0	1.0	5.0	2.0	0.0	0.0	0.0	0.0	1.0	1.0	1.0	128.0	128.0	1.0	2301.0
476	1.0	123.0	124.0	1.0	2.0	4.0	0.0	0.0	0.0	0.0	1.0	1.0	1.0	124.0	127.0	1.0	2649.0
477	1.0	31.0	30.0	1.0	2.0	5.0	0.0	0.0	0.0	0.0	4.0	4.0	1.0	123.0	124.0	1.0	717.0
478	1.0	7.0	6.0	1.0	1.0	2.0	0.0	0.0	0.0	0.0	5.0	5.0	1.0	31.0	30.0	1.0	66.0
479	1.0	2.0	2.0	1.0	3.0	2.0	0.0	0.0	0.0	0.0	4.0	4.0	1.0	7.0	6.0	1.0	327.0
480	1.0	124.0	127.0	1.0	5.0	2.0	0.0	0.0	0.0	0.0	1.0	1.0	1.0	128.0	128.0	1.0	2637.0
481	1.0	123.0	124.0	1.0	2.0	4.0	0.0	0.0	0.0	0.0	1.0	1.0	1.0	124.0	127.0	1.0	2611.0
482	1.0	31.0	30.0	1.0	2.0	5.0	0.0	0.0	0.0	0.0	4.0	4.0	1.0	123.0	124.0	1.0	795.0
483	1.0	7.0	6.0	1.0	1.0	2.0	0.0	0.0	0.0	0.0	5.0	5.0	1.0	31.0	30.0	1.0	66.0
484	1.0	2.0	2.0	1.0	3.0	2.0	0.0	0.0	0.0	0.0	4.0	4.0	1.0	7.0	6.0	1.0	323.0
485	1.0	124.0	127.0	1.0	5.0	2.0	0.0	0.0	0.0	0.0	1.0	1.0	1.0	128.0	128.0	1.0	2230.0
486	1.0	123.0	124.0	1.0	2.0	4.0	0.0	0.0	0.0	0.0	1.0	1.0	1.0	124.0	127.0	1.0	2696.0
487	1.0	31.0	30.0	1.0	2.0	5.0	0.0	0.0	0.0	0.0	4.0	4.0	1.0	123.0	124.0	1.0	758.0
488	1.0	7.0	6.0	1.0	1.0	2.0	0.0	0.0	0.0	0.0	5.0	5.0	1.0	31.0	30.0	1.0	65.0
489	1.0	2.0	2.0	1.0	3.0	2.0	0.0	0.0	0.0	0.0	4.0	4.0	1.0	7.0	6.0	1.0	326.0
490	1.0	124.0	127.0	1.0	5.0	2.0	0.0	0.0	0.0	0.0	1.0	1.0	1.0	128.0	128.0	1.0	2642.0
491	1.0	123.0	124.0	1.0	2.0	4.0	0.0	0.0	0.0	0.0	1.0	1.0	1.0	124.0	127.0	1.0	2660.0
492	1.0	31.0	30.0	1.0	2.0	5.0	0.0	0.0	0.0	0.0	4.0	4.0	1.0	123.0	124.0	1.0	745.0
493	1.0	7.0	6.0	1.0	1.0	2.0	0.0	0.0	0.0	0.0	5.0	5.0	1.0	31.0	30.0	1.0	66.0
494	1.0	2.0	2.0	1.0	3.0	2.0	0.0	0.0	0.0	0.0	4.0	4.0	1.0	7.0	6.0	1.0	326.0
495	1.0	124.0	127.0	1.0	5.0	2.0	0.0	0.0	0.0	0.0	1.0	1.0	1.0	128.0	128.0	1.0	2720.0
496	1.0	123.0	124.0	1.0	2.0	4.0	0.0	0.0	0.0	0.0	1.0	1.0	1.0	124.0	127.0	1.0	2818.0
497	1.0	31.0	30.0	1.0	2.0	5.0	0.0	0.0	0.0	0.0	4.0	4.0	1.0	123.0	124.0	1.0	805.0
498	1.0	7.0	6.0	1.0	1.0	2.0	0.0	0.0	0.0	0.0	5.0	5.0	1.0	31.0	30.0	1.0	67.0
499	1.0	2.0	2.0	1.0	3.0	2.0	0.0	0.0	0.0	0.0	4.0	4.0	1.0	7.0	6.0	1.0	324.0
500	1.0	112.0	112.0	3.0	2.0	2.0	0.0	0.0	0.0	0.0	2.0	2.0	1.0	224.0	224.0	3.0	1416.0
501	1.0	112.0	112.0	3.0	2.0	2.0	0.0	1.0	0.0	1.0	1.0	1.0	1.0	112.0	112.0	3.0	2143.0
502	1.0	56.0	56.0	3.0	2.0	2.0	0.0	0.0	0.0	0.0	2.0	2.0	1.0	112.0	112.0	3.0	573.0
503	1.0	28.0	28.0	3.0	3.0	3.0	0.0	1.0	0.0	1.0	2.0	2.0	1.0	56.0	56.0	3.0	906.0
504	1.0	14.0	14.0	3.0	2.0	2.0	0.0	0.0	0.0	0.0	2.0	2.0	1.0	28.0	28.0	3.0	237.0
505	1.0	13.0	13.0	3.0	2.0	2.0	0.0	0.0	0.0	0.0	1.0	1.0	1.0	14.0	14.0	3.0	219.0
506	1.0	6.0	6.0	3.0	3.0	3.0	0.0	0.0	0.0	0.0	2.0	2.0	1.0	13.0	13.0	3.0	527.0
507	1.0	6.0	6.0	3.0	2.0	2.0	0.0	1.0	0.0	1.0	1.0	1.0	1.0	6.0	6.0	3.0	204.0
508	1.0	6.0	6.0	3.0	3.0	3.0	1.0	1.0	1.0	1.0	1.0	1.0	1.0	6.0	6.0	3.0	542.0
509	1.0	5.0	5.0	3.0	2.0	2.0	0.0	0.0	0.0	0.0	1.0	1.0	1.0	6.0	6.0	3.0	200.0
510	1.0	112.0	112.0	3.0	2.0	2.0	0.0	0.0	0.0	0.0	2.0	2.0	1.0	224.0	224.0	3.0	1449.0
511	1.0	112.0	112.0	3.0	2.0	2.0	0.0	1.0	0.0	1.0	1.0	1.0	1.0	112.0	112.0	3.0	2157.0
512	1.0	56.0	56.0	3.0	2.0	2.0	0.0	0.0	0.0	0.0	2.0	2.0	1.0	112.0	112.0	3.0	688.0
513	1.0	28.0	28.0	3.0	3.0	3.0	0.0	1.0	0.0	1.0	2.0	2.0	1.0	56.0	56.0	3.0	924.0
514	1.0	14.0	14.0	3.0	2.0	2.0	0.0	0.0	0.0	0.0	2.0	2.0	1.0	28.0	28.0	3.0	242.0
515	1.0	13.0	13.0	3.0	2.0	2.0	0.0	0.0	0.0	0.0	1.0	1.0	1.0	14.0	14.0	3.0	235.0
516	1.0	6.0	6.0	3.0	3.0	3.0	0.0	0.0	0.0	0.0	2.0	2.0	1.0	13.0	13.0	3.0	532.0
517	1.0	6.0	6.0	3.0	2.0	2.0	0.0	1.0	0.0	1.0	1.0	1.0	1.0	6.0	6.0	3.0	203.0
518	1.0	6.0	6.0	3.0	3.0	3.0	1.0	1.0	1.0	1.0	1.0	1.0	1.0	6.0	6.0	3.0	539.0
519	1.0	5.0	5.0	3.0	2.0	2.0	0.0	0.0	0.0	0.0	1.0	1.0	1.0	6.0	6.0	3.0	194.0
520	1.0	112.0	112.0	3.0	2.0	2.0	0.0	0.0	0.0	0.0	2.0	2.0	1.0	224.0	224.0	3.0	1483.0
521	1.0	112.0	112.0	3.0	2.0	2.0	0.0	1.0	0.0	1.0	1.0	1.0	1.0	112.0	112.0	3.0	2231.0
522	1.0	56.0	56.0	3.0	2.0	2.0	0.0	0.0	0.0	0.0	2.0	2.0	1.0	112.0	112.0	3.0	711.0
523	1.0	28.0	28.0	3.0	3.0	3.0	0.0	1.0	0.0	1.0	2.0	2.0	1.0	56.0	56.0	3.0	951.0
524	1.0	14.0	14.0	3.0	2.0	2.0	0.0	0.0	0.0	0.0	2.0	2.0	1.0	28.0	28.0	3.0	241.0
525	1.0	13.0	13.0	3.0	2.0	2.0	0.0	0.0	0.0	0.0	1.0	1.0	1.0	14.0	14.0	3.0	238.0
526	1.0	6.0	6.0	3.0	3.0	3.0	0.0	0.0	0.0	0.0	2.0	2.0	1.0	13.0	13.0	3.0	552.0
527	1.0	6.0	6.0	3.0	2.0	2.0	0.0	1.0	0.0	1.0	1.0	1.0	1.0	6.0	6.0	3.0	204.0
528	1.0	6.0	6.0	3.0	3.0	3.0	1.0	1.0	1.0	1.0	1.0	1.0	1.0	6.0	6.0	3.0	539.0
529	1.0	5.0	5.0	3.0	2.0	2.0	0.0	0.0	0.0	0.0	1.0	1.0	1.0	6.0	6.0	3.0	201.0
530	1.0	112.0	112.0	3.0	2.0	2.0	0.0	0.0	0.0	0.0	2.0	2.0	1.0	224.0	224.0	3.0	1563.0
531	1.0	112.0	112.0	3.0	2.0	2.0	0.0	1.0	0.0	1.0	1.0	1.0	1.0	112.0	112.0	3.0	2314.0
532	1.0	56.0	56.0	3.0	2.0	2.0	0.0	0.0	0.0	0.0	2.0	2.0	1.0	112.0	112.0	3.0	662.0
533	1.0	28.0	28.0	3.0	3.0	3.0	0.0	1.0	0.0	1.0	2.0	2.0	1.0	56.0	56.0	3.0	797.0
534	1.0	14.0	14.0	3.0	2.0	2.0	0.0	0.0	0.0	0.0	2.0	2.0	1.0	28.0	28.0	3.0	231.0
535	1.0	13.0	13.0	3.0	2.0	2.0	0.0	0.0	0.0	0.0	1.0	1.0	1.0	14.0	14.0	3.0	236.0
536	1.0	6.0	6.0	3.0	3.0	3.0	0.0	0.0	0.0	0.0	2.0	2.0	1.0	13.0	13.0	3.0	537.0
537	1.0	6.0	6.0	3.0	2.0	2.0	0.0	1.0	0.0	1.0	1.0	1.0	1.0	6.0	6.0	3.0	205.0
538	1.0	6.0	6.0	3.0	3.0	3.0	1.0	1.0	1.0	1.0	1.0	1.0	1.0	6.0	6.0	3.0	546.0
539	1.0	5.0	5.0	3.0	2.0	2.0	0.0	0.0	0.0	0.0	1.0	1.0	1.0	6.0	6.0	3.0	207.0
540	1.0	112.0	112.0	3.0	2.0	2.0	0.0	0.0	0.0	0.0	2.0	2.0	1.0	224.0	224.0	3.0	1566.0
541	1.0	112.0	112.0	3.0	2.0	2.0	0.0	1.0	0.0	1.0	1.0	1.0	1.0	112.0	112.0	3.0	2262.0
542	1.0	56.0	56.0	3.0	2.0	2.0	0.0	0.0	0.0	0.0	2.0	2.0	1.0	112.0	112.0	3.0	673.0
543	1.0	28.0	28.0	3.0	3.0	3.0	0.0	1.0	0.0	1.0	2.0	2.0	1.0	56.0	56.0	3.0	871.0
544	1.0	14.0	14.0	3.0	2.0	2.0	0.0	0.0	0.0	0.0	2.0	2.0	1.0	28.0	28.0	3.0	247.0
545	1.0	13.0	13.0	3.0	2.0	2.0	0.0	0.0	0.0	0.0	1.0	1.0	1.0	14.0	14.0	3.0	236.0
546	1.0	6.0	6.0	3.0	3.0	3.0	0.0	0.0	0.0	0.0	2.0	2.0	1.0	13.0	13.0	3.0	545.0
547	1.0	6.0	6.0	3.0	2.0	2.0	0.0	1.0	0.0	1.0	1.0	1.0	1.0	6.0	6.0	3.0	207.0
548	1.0	6.0	6.0	3.0	3.0	3.0	1.0	1.0	1.0	1.0	1.0	1.0	1.0	6.0	6.0	3.0	546.0
549	1.0	5.0	5.0	3.0	2.0	2.0	0.0	0.0	0.0	0.0	1.0	1.0	1.0	6.0	6.0	3.0	201.0
550	1.0	112.0	112.0	3.0	2.0	2.0	0.0	0.0	0.0	0.0	2.0	2.0	1.0	224.0	224.0	3.0	1467.0
551	1.0	112.0	112.0	3.0	2.0	2.0	0.0	1.0	0.0	1.0	1.0	1.0	1.0	112.0	112.0	3.0	2297.0
552	1.0	56.0	56.0	3.0	2.0	2.0	0.0	0.0	0.0	0.0	2.0	2.0	1.0	112.0	112.0	3.0	647.0
553	1.0	28.0	28.0	3.0	3.0	3.0	0.0	1.0	0.0	1.0	2.0	2.0	1.0	56.0	56.0	3.0	884.0
554	1.0	14.0	14.0	3.0	2.0	2.0	0.0	0.0	0.0	0.0	2.0	2.0	1.0	28.0	28.0	3.0	243.0
555	1.0	13.0	13.0	3.0	2.0	2.0	0.0	0.0	0.0	0.0	1.0	1.0	1.0	14.0	14.0	3.0	233.0
556	1.0	6.0	6.0	3.0	3.0	3.0	0.0	0.0	0.0	0.0	2.0	2.0	1.0	13.0	13.0	3.0	546.0
557	1.0	6.0	6.0	3.0	2.0	2.0	0.0	1.0	0.0	1.0	1.0	1.0	1.0	6.0	6.0	3.0	203.0
558	1.0	6.0	6.0	3.0	3.0	3.0	1.0	1.0	1.0	1.0	1.0	1.0	1.0	6.0	6.0	3.0	540.0
559	1.0	5.0	5.0	3.0	2.0	2.0	0.0	0.0	0.0	0.0	1.0	1.0	1.0	6.0	6.0	3.0	201.0
560	1.0	112.0	112.0	3.0	2.0	2.0	0.0	0.0	0.0	0.0	2.0	2.0	1.0	224.0	224.0	3.0	1470.0
561	1.0	112.0	112.0	3.0	2.0	2.0	0.0	1.0	0.0	1.0	1.0	1.0	1.0	112.0	112.0	3.0	2468.0
562	1.0	56.0	56.0	3.0	2.0	2.0	0.0	0.0	0.0	0.0	2.0	2.0	1.0	112.0	112.0	3.0	692.0
563	1.0	28.0	28.0	3.0	3.0	3.0	0.0	1.0	0.0	1.0	2.0	2.0	1.0	56.0	56.0	3.0	959.0
564	1.0	14.0	14.0	3.0	2.0	2.0	0.0	0.0	0.0	0.0	2.0	2.0	1.0	28.0	28.0	3.0	244.0
565	1.0	13.0	13.0	3.0	2.0	2.0	0.0	0.0	0.0	0.0	1.0	1.0	1.0	14.0	14.0	3.0	238.0
566	1.0	6.0	6.0	3.0	3.0	3.0	0.0	0.0	0.0	0.0	2.0	2.0	1.0	13.0	13.0	3.0	552.0
567	1.0	6.0	6.0	3.0	2.0	2.0	0.0	1.0	0.0	1.0	1.0	1.0	1.0	6.0	6.0	3.0	205.0
568	1.0	6.0	6.0	3.0	3.0	3.0	1.0	1.0	1.0	1.0	1.0	1.0	1.0	6.0	6.0	3.0	545.0
569	1.0	5.0	5.0	3.0	2.0	2.0	0.0	0.0	0.0	0.0	1.0	1.0	1.0	6.0	6.0	3.0	202.0
570	1.0	112.0	112.0	3.0	2.0	2.0	0.0	0.0	0.0	0.0	2.0	2.0	1.0	224.0	224.0	3.0	1397.0
571	1.0	112.0	112.0	3.0	2.0	2.0	0.0	1.0	0.0	1.0	1.0	1.0	1.0	112.0	112.0	3.0	2139.0
572	1.0	56.0	56.0	3.0	2.0	2.0	0.0	0.0	0.0	0.0	2.0	2.0	1.0	112.0	112.0	3.0	553.0
573	1.0	28.0	28.0	3.0	3.0	3.0	0.0	1.0	0.0	1.0	2.0	2.0	1.0	56.0	56.0	3.0	772.0
574	1.0	14.0	14.0	3.0	2.0	2.0	0.0	0.0	0.0	0.0	2.0	2.0	1.0	28.0	28.0	3.0	218.0
575	1.0	13.0	13.0	3.0	2.0	2.0	0.0	0.0	0.0	0.0	1.0	1.0	1.0	14.0	14.0	3.0	213.0
576	1.0	6.0	6.0	3.0	3.0	3.0	0.0	0.0	0.0	0.0	2.0	2.0	1.0	13.0	13.0	3.0	525.0
577	1.0	6.0	6.0	3.0	2.0	2.0	0.0	1.0	0.0	1.0	1.0	1.0	1.0	6.0	6.0	3.0	204.0
578	1.0	6.0	6.0	3.0	3.0	3.0	1.0	1.0	1.0	1.0	1.0	1.0	1.0	6.0	6.0	3.0	539.0
579	1.0	5.0	5.0	3.0	2.0	2.0	0.0	0.0	0.0	0.0	1.0	1.0	1.0	6.0	6.0	3.0	194.0
580	1.0	112.0	112.0	3.0	2.0	2.0	0.0	0.0	0.0	0.0	2.0	2.0	1.0	224.0	224.0	3.0	1617.0
581	1.0	112.0	112.0	3.0	2.0	2.0	0.0	1.0	0.0	1.0	1.0	1.0	1.0	112.0	112.0	3.0	2248.0
582	1.0	56.0	56.0	3.0	2.0	2.0	0.0	0.0	0.0	0.0	2.0	2.0	1.0	112.0	112.0	3.0	530.0
583	1.0	28.0	28.0	3.0	3.0	3.0	0.0	1.0	0.0	1.0	2.0	2.0	1.0	56.0	56.0	3.0	766.0
584	1.0	14.0	14.0	3.0	2.0	2.0	0.0	0.0	0.0	0.0	2.0	2.0	1.0	28.0	28.0	3.0	224.0
585	1.0	13.0	13.0	3.0	2.0	2.0	0.0	0.0	0.0	0.0	1.0	1.0	1.0	14.0	14.0	3.0	227.0
586	1.0	6.0	6.0	3.0	3.0	3.0	0.0	0.0	0.0	0.0	2.0	2.0	1.0	13.0	13.0	3.0	526.0
587	1.0	6.0	6.0	3.0	2.0	2.0	0.0	1.0	0.0	1.0	1.0	1.0	1.0	6.0	6.0	3.0	196.0
588	1.0	6.0	6.0	3.0	3.0	3.0	1.0	1.0	1.0	1.0	1.0	1.0	1.0	6.0	6.0	3.0	544.0
589	1.0	5.0	5.0	3.0	2.0	2.0	0.0	0.0	0.0	0.0	1.0	1.0	1.0	6.0	6.0	3.0	202.0
590	1.0	112.0	112.0	3.0	2.0	2.0	0.0	0.0	0.0	0.0	2.0	2.0	1.0	224.0	224.0	3.0	1524.0
591	1.0	112.0	112.0	3.0	2.0	2.0	0.0	1.0	0.0	1.0	1.0	1.0	1.0	112.0	112.0	3.0	2267.0
592	1.0	56.0	56.0	3.0	2.0	2.0	0.0	0.0	0.0	0.0	2.0	2.0	1.0	112.0	112.0	3.0	616.0
593	1.0	28.0	28.0	3.0	3.0	3.0	0.0	1.0	0.0	1.0	2.0	2.0	1.0	56.0	56.0	3.0	944.0
594	1.0	14.0	14.0	3.0	2.0	2.0	0.0	0.0	0.0	0.0	2.0	2.0	1.0	28.0	28.0	3.0	242.0
595	1.0	13.0	13.0	3.0	2.0	2.0	0.0	0.0	0.0	0.0	1.0	1.0	1.0	14.0	14.0	3.0	237.0
596	1.0	6.0	6.0	3.0	3.0	3.0	0.0	0.0	0.0	0.0	2.0	2.0	1.0	13.0	13.0	3.0	549.0
597	1.0	6.0	6.0	3.0	2.0	2.0	0.0	1.0	0.0	1.0	1.0	1.0	1.0	6.0	6.0	3.0	205.0
598	1.0	6.0	6.0	3.0	3.0	3.0	1.0	1.0	1.0	1.0	1.0	1.0	1.0	6.0	6.0	3.0	544.0
599	1.0	5.0	5.0	3.0	2.0	2.0	0.0	0.0	0.0	0.0	1.0	1.0	1.0	6.0	6.0	3.0	211.0
600	1.0	224.0	224.0	3.0	2.0	2.0	0.0	1.0	0.0	1.0	1.0	1.0	1.0	224.0	224.0	3.0	6943.0
601	1.0	222.0	222.0	3.0	3.0	3.0	0.0	0.0	0.0	0.0	1.0	1.0	1.0	224.0	224.0	3.0	19948.0
602	1.0	220.0	220.0	3.0	3.0	3.0	0.0	0.0	0.0	0.0	1.0	1.0	1.0	222.0	222.0	3.0	17679.0
603	1.0	110.0	110.0	3.0	2.0	2.0	0.0	0.0	0.0	0.0	2.0	2.0	1.0	220.0	220.0	3.0	2284.0
604	1.0	108.0	108.0	3.0	3.0	3.0	0.0	0.0	0.0	0.0	1.0	1.0	1.0	110.0	110.0	3.0	5581.0
605	1.0	106.0	106.0	3.0	3.0	3.0	0.0	0.0	0.0	0.0	1.0	1.0	1.0	108.0	108.0	3.0	4498.0
606	1.0	106.0	106.0	3.0	3.0	3.0	1.0	1.0	1.0	1.0	1.0	1.0	1.0	106.0	106.0	3.0	5508.0
607	1.0	53.0	53.0	3.0	3.0	3.0	0.0	1.0	0.0	1.0	2.0	2.0	1.0	106.0	106.0	3.0	1628.0
608	1.0	52.0	52.0	3.0	2.0	2.0	0.0	0.0	0.0	0.0	1.0	1.0	1.0	53.0	53.0	3.0	463.0
609	1.0	26.0	26.0	3.0	3.0	3.0	0.0	1.0	0.0	1.0	2.0	2.0	1.0	52.0	52.0	3.0	875.0
610	1.0	224.0	224.0	3.0	2.0	2.0	0.0	1.0	0.0	1.0	1.0	1.0	1.0	224.0	224.0	3.0	6794.0
611	1.0	222.0	222.0	3.0	3.0	3.0	0.0	0.0	0.0	0.0	1.0	1.0	1.0	224.0	224.0	3.0	18983.0
612	1.0	220.0	220.0	3.0	3.0	3.0	0.0	0.0	0.0	0.0	1.0	1.0	1.0	222.0	222.0	3.0	17425.0
613	1.0	110.0	110.0	3.0	2.0	2.0	0.0	0.0	0.0	0.0	2.0	2.0	1.0	220.0	220.0	3.0	2544.0
614	1.0	108.0	108.0	3.0	3.0	3.0	0.0	0.0	0.0	0.0	1.0	1.0	1.0	110.0	110.0	3.0	5425.0
615	1.0	106.0	106.0	3.0	3.0	3.0	0.0	0.0	0.0	0.0	1.0	1.0	1.0	108.0	108.0	3.0	4305.0
616	1.0	106.0	106.0	3.0	3.0	3.0	1.0	1.0	1.0	1.0	1.0	1.0	1.0	106.0	106.0	3.0	5050.0
617	1.0	53.0	53.0	3.0	3.0	3.0	0.0	1.0	0.0	1.0	2.0	2.0	1.0	106.0	106.0	3.0	1573.0
618	1.0	52.0	52.0	3.0	2.0	2.0	0.0	0.0	0.0	0.0	1.0	1.0	1.0	53.0	53.0	3.0	560.0
619	1.0	26.0	26.0	3.0	3.0	3.0	0.0	1.0	0.0	1.0	2.0	2.0	1.0	52.0	52.0	3.0	709.0
620	1.0	224.0	224.0	3.0	2.0	2.0	0.0	1.0	0.0	1.0	1.0	1.0	1.0	224.0	224.0	3.0	6826.0
621	1.0	222.0	222.0	3.0	3.0	3.0	0.0	0.0	0.0	0.0	1.0	1.0	1.0	224.0	224.0	3.0	19446.0
622	1.0	220.0	220.0	3.0	3.0	3.0	0.0	0.0	0.0	0.0	1.0	1.0	1.0	222.0	222.0	3.0	16972.0
623	1.0	110.0	110.0	3.0	2.0	2.0	0.0	0.0	0.0	0.0	2.0	2.0	1.0	220.0	220.0	3.0	2326.0
624	1.0	108.0	108.0	3.0	3.0	3.0	0.0	0.0	0.0	0.0	1.0	1.0	1.0	110.0	110.0	3.0	5354.0
625	1.0	106.0	106.0	3.0	3.0	3.0	0.0	0.0	0.0	0.0	1.0	1.0	1.0	108.0	108.0	3.0	4434.0
626	1.0	106.0	106.0	3.0	3.0	3.0	1.0	1.0	1.0	1.0	1.0	1.0	1.0	106.0	106.0	3.0	5262.0
627	1.0	53.0	53.0	3.0	3.0	3.0	0.0	1.0	0.0	1.0	2.0	2.0	1.0	106.0	106.0	3.0	1523.0
628	1.0	52.0	52.0	3.0	2.0	2.0	0.0	0.0	0.0	0.0	1.0	1.0	1.0	53.0	53.0	3.0	620.0
629	1.0	26.0	26.0	3.0	3.0	3.0	0.0	1.0	0.0	1.0	2.0	2.0	1.0	52.0	52.0	3.0	904.0
630	1.0	224.0	224.0	3.0	2.0	2.0	0.0	1.0	0.0	1.0	1.0	1.0	1.0	224.0	224.0	3.0	6807.0
631	1.0	222.0	222.0	3.0	3.0	3.0	0.0	0.0	0.0	0.0	1.0	1.0	1.0	224.0	224.0	3.0	19333.0
632	1.0	220.0	220.0	3.0	3.0	3.0	0.0	0.0	0.0	0.0	1.0	1.0	1.0	222.0	222.0	3.0	17863.0
633	1.0	110.0	110.0	3.0	2.0	2.0	0.0	0.0	0.0	0.0	2.0	2.0	1.0	220.0	220.0	3.0	2252.0
634	1.0	108.0	108.0	3.0	3.0	3.0	0.0	0.0	0.0	0.0	1.0	1.0	1.0	110.0	110.0	3.0	5304.0
635	1.0	106.0	106.0	3.0	3.0	3.0	0.0	0.0	0.0	0.0	1.0	1.0	1.0	108.0	108.0	3.0	4162.0
636	1.0	106.0	106.0	3.0	3.0	3.0	1.0	1.0	1.0	1.0	1.0	1.0	1.0	106.0	106.0	3.0	5286.0
637	1.0	53.0	53.0	3.0	3.0	3.0	0.0	1.0	0.0	1.0	2.0	2.0	1.0	106.0	106.0	3.0	1510.0
638	1.0	52.0	52.0	3.0	2.0	2.0	0.0	0.0	0.0	0.0	1.0	1.0	1.0	53.0	53.0	3.0	507.0
639	1.0	26.0	26.0	3.0	3.0	3.0	0.0	1.0	0.0	1.0	2.0	2.0	1.0	52.0	52.0	3.0	847.0
640	1.0	224.0	224.0	3.0	2.0	2.0	0.0	1.0	0.0	1.0	1.0	1.0	1.0	224.0	224.0	3.0	6593.0
641	1.0	222.0	222.0	3.0	3.0	3.0	0.0	0.0	0.0	0.0	1.0	1.0	1.0	224.0	224.0	3.0	19614.0
642	1.0	220.0	220.0	3.0	3.0	3.0	0.0	0.0	0.0	0.0	1.0	1.0	1.0	222.0	222.0	3.0	17744.0
643	1.0	110.0	110.0	3.0	2.0	2.0	0.0	0.0	0.0	0.0	2.0	2.0	1.0	220.0	220.0	3.0	2428.0
644	1.0	108.0	108.0	3.0	3.0	3.0	0.0	0.0	0.0	0.0	1.0	1.0	1.0	110.0	110.0	3.0	5471.0
645	1.0	106.0	106.0	3.0	3.0	3.0	0.0	0.0	0.0	0.0	1.0	1.0	1.0	108.0	108.0	3.0	4356.0
646	1.0	106.0	106.0	3.0	3.0	3.0	1.0	1.0	1.0	1.0	1.0	1.0	1.0	106.0	106.0	3.0	5299.0
647	1.0	53.0	53.0	3.0	3.0	3.0	0.0	1.0	0.0	1.0	2.0	2.0	1.0	106.0	106.0	3.0	1357.0
648	1.0	52.0	52.0	3.0	2.0	2.0	0.0	0.0	0.0	0.0	1.0	1.0	1.0	53.0	53.0	3.0	588.0
649	1.0	26.0	26.0	3.0	3.0	3.0	0.0	1.0	0.0	1.0	2.0	2.0	1.0	52.0	52.0	3.0	882.0
650	1.0	224.0	224.0	3.0	2.0	2.0	0.0	1.0	0.0	1.0	1.0	1.0	1.0	224.0	224.0	3.0	6731.0
651	1.0	222.0	222.0	3.0	3.0	3.0	0.0	0.0	0.0	0.0	1.0	1.0	1.0	224.0	224.0	3.0	19627.0
652	1.0	220.0	220.0	3.0	3.0	3.0	0.0	0.0	0.0	0.0	1.0	1.0	1.0	222.0	222.0	3.0	17458.0
653	1.0	110.0	110.0	3.0	2.0	2.0	0.0	0.0	0.0	0.0	2.0	2.0	1.0	220.0	220.0	3.0	2292.0
654	1.0	108.0	108.0	3.0	3.0	3.0	0.0	0.0	0.0	0.0	1.0	1.0	1.0	110.0	110.0	3.0	5447.0
655	1.0	106.0	106.0	3.0	3.0	3.0	0.0	0.0	0.0	0.0	1.0	1.0	1.0	108.0	108.0	3.0	4528.0
656	1.0	106.0	106.0	3.0	3.0	3.0	1.0	1.0	1.0	1.0	1.0	1.0	1.0	106.0	106.0	3.0	5384.0
657	1.0	53.0	53.0	3.0	3.0	3.0	0.0	1.0	0.0	1.0	2.0	2.0	1.0	106.0	106.0	3.0	1665.0
658	1.0	52.0	52.0	3.0	2.0	2.0	0.0	0.0	0.0	0.0	1.0	1.0	1.0	53.0	53.0	3.0	627.0
659	1.0	26.0	26.0	3.0	3.0	3.0	0.0	1.0	0.0	1.0	2.0	2.0	1.0	52.0	52.0	3.0	857.0
660	1.0	224.0	224.0	3.0	2.0	2.0	0.0	1.0	0.0	1.0	1.0	1.0	1.0	224.0	224.0	3.0	6718.0
661	1.0	222.0	222.0	3.0	3.0	3.0	0.0	0.0	0.0	0.0	1.0	1.0	1.0	224.0	224.0	3.0	19071.0
662	1.0	220.0	220.0	3.0	3.0	3.0	0.0	0.0	0.0	0.0	1.0	1.0	1.0	222.0	222.0	3.0	17430.0
663	1.0	110.0	110.0	3.0	2.0	2.0	0.0	0.0	0.0	0.0	2.0	2.0	1.0	220.0	220.0	3.0	2123.0
664	1.0	108.0	108.0	3.0	3.0	3.0	0.0	0.0	0.0	0.0	1.0	1.0	1.0	110.0	110.0	3.0	5656.0
665	1.0	106.0	106.0	3.0	3.0	3.0	0.0	0.0	0.0	0.0	1.0	1.0	1.0	108.0	108.0	3.0	4264.0
666	1.0	106.0	106.0	3.0	3.0	3.0	1.0	1.0	1.0	1.0	1.0	1.0	1.0	106.0	106.0	3.0	5093.0
667	1.0	53.0	53.0	3.0	3.0	3.0	0.0	1.0	0.0	1.0	2.0	2.0	1.0	106.0	106.0	3.0	1711.0
668	1.0	52.0	52.0	3.0	2.0	2.0	0.0	0.0	0.0	0.0	1.0	1.0	1.0	53.0	53.0	3.0	627.0
669	1.0	26.0	26.0	3.0	3.0	3.0	0.0	1.0	0.0	1.0	2.0	2.0	1.0	52.0	52.0	3.0	915.0
670	1.0	224.0	224.0	3.0	2.0	2.0	0.0	1.0	0.0	1.0	1.0	1.0	1.0	224.0	224.0	3.0	6677.0
671	1.0	222.0	222.0	3.0	3.0	3.0	0.0	0.0	0.0	0.0	1.0	1.0	1.0	224.0	224.0	3.0	19878.0
672	1.0	220.0	220.0	3.0	3.0	3.0	0.0	0.0	0.0	0.0	1.0	1.0	1.0	222.0	222.0	3.0	17585.0
673	1.0	110.0	110.0	3.0	2.0	2.0	0.0	0.0	0.0	0.0	2.0	2.0	1.0	220.0	220.0	3.0	2395.0
674	1.0	108.0	108.0	3.0	3.0	3.0	0.0	0.0	0.0	0.0	1.0	1.0	1.0	110.0	110.0	3.0	5358.0
675	1.0	106.0	106.0	3.0	3.0	3.0	0.0	0.0	0.0	0.0	1.0	1.0	1.0	108.0	108.0	3.0	4560.0
676	1.0	106.0	106.0	3.0	3.0	3.0	1.0	1.0	1.0	1.0	1.0	1.0	1.0	106.0	106.0	3.0	5400.0
677	1.0	53.0	53.0	3.0	3.0	3.0	0.0	1.0	0.0	1.0	2.0	2.0	1.0	106.0	106.0	3.0	1565.0
678	1.0	52.0	52.0	3.0	2.0	2.0	0.0	0.0	0.0	0.0	1.0	1.0	1.0	53.0	53.0	3.0	628.0
679	1.0	26.0	26.0	3.0	3.0	3.0	0.0	1.0	0.0	1.0	2.0	2.0	1.0	52.0	52.0	3.0	902.0
680	1.0	224.0	224.0	3.0	2.0	2.0	0.0	1.0	0.0	1.0	1.0	1.0	1.0	224.0	224.0	3.0	6753.0
681	1.0	222.0	222.0	3.0	3.0	3.0	0.0	0.0	0.0	0.0	1.0	1.0	1.0	224.0	224.0	3.0	19513.0
682	1.0	220.0	220.0	3.0	3.0	3.0	0.0	0.0	0.0	0.0	1.0	1.0	1.0	222.0	222.0	3.0	17169.0
683	1.0	110.0	110.0	3.0	2.0	2.0	0.0	0.0	0.0	0.0	2.0	2.0	1.0	220.0	220.0	3.0	2169.0
684	1.0	108.0	108.0	3.0	3.0	3.0	0.0	0.0	0.0	0.0	1.0	1.0	1.0	110.0	110.0	3.0	5431.0
685	1.0	106.0	106.0	3.0	3.0	3.0	0.0	0.0	0.0	0.0	1.0	1.0	1.0	108.0	108.0	3.0	4297.0
686	1.0	106.0	106.0	3.0	3.0	3.0	1.0	1.0	1.0	1.0	1.0	1.0	1.0	106.0	106.0	3.0	5390.0
687	1.0	53.0	53.0	3.0	3.0	3.0	0.0	1.0	0.0	1.0	2.0	2.0	1.0	106.0	106.0	3.0	1566.0
688	1.0	52.0	52.0	3.0	2.0	2.0	0.0	0.0	0.0	0.0	1.0	1.0	1.0	53.0	53.0	3.0	589.0
689	1.0	26.0	26.0	3.0	3.0	3.0	0.0	1.0	0.0	1.0	2.0	2.0	1.0	52.0	52.0	3.0	877.0
690	1.0	224.0	224.0	3.0	2.0	2.0	0.0	1.0	0.0	1.0	1.0	1.0	1.0	224.0	224.0	3.0	6392.0
691	1.0	222.0	222.0	3.0	3.0	3.0	0.0	0.0	0.0	0.0	1.0	1.0	1.0	224.0	224.0	3.0	18905.0
692	1.0	220.0	220.0	3.0	3.0	3.0	0.0	0.0	0.0	0.0	1.0	1.0	1.0	222.0	222.0	3.0	17028.0
693	1.0	110.0	110.0	3.0	2.0	2.0	0.0	0.0	0.0	0.0	2.0	2.0	1.0	220.0	220.0	3.0	2263.0
694	1.0	108.0	108.0	3.0	3.0	3.0	0.0	0.0	0.0	0.0	1.0	1.0	1.0	110.0	110.0	3.0	5440.0
695	1.0	106.0	106.0	3.0	3.0	3.0	0.0	0.0	0.0	0.0	1.0	1.0	1.0	108.0	108.0	3.0	4493.0
696	1.0	106.0	106.0	3.0	3.0	3.0	1.0	1.0	1.0	1.0	1.0	1.0	1.0	106.0	106.0	3.0	5529.0
697	1.0	53.0	53.0	3.0	3.0	3.0	0.0	1.0	0.0	1.0	2.0	2.0	1.0	106.0	106.0	3.0	1661.0
698	1.0	52.0	52.0	3.0	2.0	2.0	0.0	0.0	0.0	0.0	1.0	1.0	1.0	53.0	53.0	3.0	610.0
699	1.0	26.0	26.0	3.0	3.0	3.0	0.0	1.0	0.0	1.0	2.0	2.0	1.0	52.0	52.0	3.0	911.0
700	1.0	223.0	223.0	3.0	2.0	2.0	0.0	0.0	0.0	0.0	1.0	1.0	1.0	224.0	224.0	3.0	6582.0
701	1.0	223.0	223.0	3.0	3.0	3.0	1.0	1.0	1.0	1.0	1.0	1.0	1.0	223.0	223.0	3.0	19440.0
702	1.0	112.0	112.0	3.0	2.0	2.0	0.0	1.0	0.0	1.0	2.0	2.0	1.0	223.0	223.0	3.0	1489.0
703	1.0	110.0	110.0	3.0	3.0	3.0	0.0	0.0	0.0	0.0	1.0	1.0	1.0	112.0	112.0	3.0	5381.0
704	1.0	55.0	55.0	3.0	3.0	3.0	0.0	1.0	0.0	1.0	2.0	2.0	1.0	110.0	110.0	3.0	1773.0
705	1.0	55.0	55.0	3.0	2.0	2.0	0.0	1.0	0.0	1.0	1.0	1.0	1.0	55.0	55.0	3.0	653.0
706	1.0	27.0	27.0	3.0	3.0	3.0	0.0	0.0	0.0	0.0	2.0	2.0	1.0	55.0	55.0	3.0	931.0
707	1.0	13.0	13.0	3.0	2.0	2.0	0.0	0.0	0.0	0.0	2.0	2.0	1.0	27.0	27.0	3.0	238.0
708	1.0	6.0	6.0	3.0	2.0	2.0	0.0	0.0	0.0	0.0	2.0	2.0	1.0	13.0	13.0	3.0	205.0
709	1.0	3.0	3.0	3.0	3.0	3.0	0.0	1.0	0.0	1.0	2.0	2.0	1.0	6.0	6.0	3.0	530.0
710	1.0	223.0	223.0	3.0	2.0	2.0	0.0	0.0	0.0	0.0	1.0	1.0	1.0	224.0	224.0	3.0	6165.0
711	1.0	223.0	223.0	3.0	3.0	3.0	1.0	1.0	1.0	1.0	1.0	1.0	1.0	223.0	223.0	3.0	19181.0
712	1.0	112.0	112.0	3.0	2.0	2.0	0.0	1.0	0.0	1.0	2.0	2.0	1.0	223.0	223.0	3.0	1456.0
713	1.0	110.0	110.0	3.0	3.0	3.0	0.0	0.0	0.0	0.0	1.0	1.0	1.0	112.0	112.0	3.0	5477.0
714	1.0	55.0	55.0	3.0	3.0	3.0	0.0	1.0	0.0	1.0	2.0	2.0	1.0	110.0	110.0	3.0	1665.0
715	1.0	55.0	55.0	3.0	2.0	2.0	0.0	1.0	0.0	1.0	1.0	1.0	1.0	55.0	55.0	3.0	661.0
716	1.0	27.0	27.0	3.0	3.0	3.0	0.0	0.0	0.0	0.0	2.0	2.0	1.0	55.0	55.0	3.0	939.0
717	1.0	13.0	13.0	3.0	2.0	2.0	0.0	0.0	0.0	0.0	2.0	2.0	1.0	27.0	27.0	3.0	235.0
718	1.0	6.0	6.0	3.0	2.0	2.0	0.0	0.0	0.0	0.0	2.0	2.0	1.0	13.0	13.0	3.0	207.0
719	1.0	3.0	3.0	3.0	3.0	3.0	0.0	1.0	0.0	1.0	2.0	2.0	1.0	6.0	6.0	3.0	530.0
720	1.0	223.0	223.0	3.0	2.0	2.0	0.0	0.0	0.0	0.0	1.0	1.0	1.0	224.0	224.0	3.0	6340.0
721	1.0	223.0	223.0	3.0	3.0	3.0	1.0	1.0	1.0	1.0	1.0	1.0	1.0	223.0	223.0	3.0	19224.0
722	1.0	112.0	112.0	3.0	2.0	2.0	0.0	1.0	0.0	1.0	2.0	2.0	1.0	223.0	223.0	3.0	1419.0
723	1.0	110.0	110.0	3.0	3.0	3.0	0.0	0.0	0.0	0.0	1.0	1.0	1.0	112.0	112.0	3.0	4996.0
724	1.0	55.0	55.0	3.0	3.0	3.0	0.0	1.0	0.0	1.0	2.0	2.0	1.0	110.0	110.0	3.0	1484.0
725	1.0	55.0	55.0	3.0	2.0	2.0	0.0	1.0	0.0	1.0	1.0	1.0	1.0	55.0	55.0	3.0	608.0
726	1.0	27.0	27.0	3.0	3.0	3.0	0.0	0.0	0.0	0.0	2.0	2.0	1.0	55.0	55.0	3.0	935.0
727	1.0	13.0	13.0	3.0	2.0	2.0	0.0	0.0	0.0	0.0	2.0	2.0	1.0	27.0	27.0	3.0	239.0
728	1.0	6.0	6.0	3.0	2.0	2.0	0.0	0.0	0.0	0.0	2.0	2.0	1.0	13.0	13.0	3.0	207.0
729	1.0	3.0	3.0	3.0	3.0	3.0	0.0	1.0	0.0	1.0	2.0	2.0	1.0	6.0	6.0	3.0	530.0
730	1.0	223.0	223.0	3.0	2.0	2.0	0.0	0.0	0.0	0.0	1.0	1.0	1.0	224.0	224.0	3.0	6437.0
731	1.0	223.0	223.0	3.0	3.0	3.0	1.0	1.0	1.0	1.0	1.0	1.0	1.0	223.0	223.0	3.0	18887.0
732	1.0	112.0	112.0	3.0	2.0	2.0	0.0	1.0	0.0	1.0	2.0	2.0	1.0	223.0	223.0	3.0	1498.0
733	1.0	110.0	110.0	3.0	3.0	3.0	0.0	0.0	0.0	0.0	1.0	1.0	1.0	112.0	112.0	3.0	5462.0
734	1.0	55.0	55.0	3.0	3.0	3.0	0.0	1.0	0.0	1.0	2.0	2.0	1.0	110.0	110.0	3.0	1501.0
735	1.0	55.0	55.0	3.0	2.0	2.0	0.0	1.0	0.0	1.0	1.0	1.0	1.0	55.0	55.0	3.0	598.0
736	1.0	27.0	27.0	3.0	3.0	3.0	0.0	0.0	0.0	0.0	2.0	2.0	1.0	55.0	55.0	3.0	888.0
737	1.0	13.0	13.0	3.0	2.0	2.0	0.0	0.0	0.0	0.0	2.0	2.0	1.0	27.0	27.0	3.0	232.0
738	1.0	6.0	6.0	3.0	2.0	2.0	0.0	0.0	0.0	0.0	2.0	2.0	1.0	13.0	13.0	3.0	203.0
739	1.0	3.0	3.0	3.0	3.0	3.0	0.0	1.0	0.0	1.0	2.0	2.0	1.0	6.0	6.0	3.0	524.0
740	1.0	223.0	223.0	3.0	2.0	2.0	0.0	0.0	0.0	0.0	1.0	1.0	1.0	224.0	224.0	3.0	6740.0
741	1.0	223.0	223.0	3.0	3.0	3.0	1.0	1.0	1.0	1.0	1.0	1.0	1.0	223.0	223.0	3.0	19688.0
742	1.0	112.0	112.0	3.0	2.0	2.0	0.0	1.0	0.0	1.0	2.0	2.0	1.0	223.0	223.0	3.0	1411.0
743	1.0	110.0	110.0	3.0	3.0	3.0	0.0	0.0	0.0	0.0	1.0	1.0	1.0	112.0	112.0	3.0	5219.0
744	1.0	55.0	55.0	3.0	3.0	3.0	0.0	1.0	0.0	1.0	2.0	2.0	1.0	110.0	110.0	3.0	1732.0
745	1.0	55.0	55.0	3.0	2.0	2.0	0.0	1.0	0.0	1.0	1.0	1.0	1.0	55.0	55.0	3.0	536.0
746	1.0	27.0	27.0	3.0	3.0	3.0	0.0	0.0	0.0	0.0	2.0	2.0	1.0	55.0	55.0	3.0	740.0
747	1.0	13.0	13.0	3.0	2.0	2.0	0.0	0.0	0.0	0.0	2.0	2.0	1.0	27.0	27.0	3.0	217.0
748	1.0	6.0	6.0	3.0	2.0	2.0	0.0	0.0	0.0	0.0	2.0	2.0	1.0	13.0	13.0	3.0	205.0
749	1.0	3.0	3.0	3.0	3.0	3.0	0.0	1.0	0.0	1.0	2.0	2.0	1.0	6.0	6.0	3.0	505.0
750	1.0	223.0	223.0	3.0	2.0	2.0	0.0	0.0	0.0	0.0	1.0	1.0	1.0	224.0	224.0	3.0	6657.0
751	1.0	223.0	223.0	3.0	3.0	3.0	1.0	1.0	1.0	1.0	1.0	1.0	1.0	223.0	223.0	3.0	20158.0
752	1.0	112.0	112.0	3.0	2.0	2.0	0.0	1.0	0.0	1.0	2.0	2.0	1.0	223.0	223.0	3.0	1486.0
753	1.0	110.0	110.0	3.0	3.0	3.0	0.0	0.0	0.0	0.0	1.0	1.0	1.0	112.0	112.0	3.0	5602.0
754	1.0	55.0	55.0	3.0	3.0	3.0	0.0	1.0	0.0	1.0	2.0	2.0	1.0	110.0	110.0	3.0	1509.0
755	1.0	55.0	55.0	3.0	2.0	2.0	0.0	1.0	0.0	1.0	1.0	1.0	1.0	55.0	55.0	3.0	532.0
756	1.0	27.0	27.0	3.0	3.0	3.0	0.0	0.0	0.0	0.0	2.0	2.0	1.0	55.0	55.0	3.0	812.0
757	1.0	13.0	13.0	3.0	2.0	2.0	0.0	0.0	0.0	0.0	2.0	2.0	1.0	27.0	27.0	3.0	223.0
758	1.0	6.0	6.0	3.0	2.0	2.0	0.0	0.0	0.0	0.0	2.0	2.0	1.0	13.0	13.0	3.0	198.0
759	1.0	3.0	3.0	3.0	3.0	3.0	0.0	1.0	0.0	1.0	2.0	2.0	1.0	6.0	6.0	3.0	517.0
760	1.0	223.0	223.0	3.0	2.0	2.0	0.0	0.0	0.0	0.0	1.0	1.0	1.0	224.0	224.0	3.0	6738.0
761	1.0	223.0	223.0	3.0	3.0	3.0	1.0	1.0	1.0	1.0	1.0	1.0	1.0	223.0	223.0	3.0	20209.0
762	1.0	112.0	112.0	3.0	2.0	2.0	0.0	1.0	0.0	1.0	2.0	2.0	1.0	223.0	223.0	3.0	1488.0
763	1.0	110.0	110.0	3.0	3.0	3.0	0.0	0.0	0.0	0.0	1.0	1.0	1.0	112.0	112.0	3.0	5475.0
764	1.0	55.0	55.0	3.0	3.0	3.0	0.0	1.0	0.0	1.0	2.0	2.0	1.0	110.0	110.0	3.0	1632.0
765	1.0	55.0	55.0	3.0	2.0	2.0	0.0	1.0	0.0	1.0	1.0	1.0	1.0	55.0	55.0	3.0	625.0
766	1.0	27.0	27.0	3.0	3.0	3.0	0.0	0.0	0.0	0.0	2.0	2.0	1.0	55.0	55.0	3.0	870.0
767	1.0	13.0	13.0	3.0	2.0	2.0	0.0	0.0	0.0	0.0	2.0	2.0	1.0	27.0	27.0	3.0	239.0
768	1.0	6.0	6.0	3.0	2.0	2.0	0.0	0.0	0.0	0.0	2.0	2.0	1.0	13.0	13.0	3.0	203.0
769	1.0	3.0	3.0	3.0	3.0	3.0	0.0	1.0	0.0	1.0	2.0	2.0	1.0	6.0	6.0	3.0	528.0
770	1.0	223.0	223.0	3.0	2.0	2.0	0.0	0.0	0.0	0.0	1.0	1.0	1.0	224.0	224.0	3.0	6498.0
771	1.0	223.0	223.0	3.0	3.0	3.0	1.0	1.0	1.0	1.0	1.0	1.0	1.0	223.0	223.0	3.0	19596.0
772	1.0	112.0	112.0	3.0	2.0	2.0	0.0	1.0	0.0	1.0	2.0	2.0	1.0	223.0	223.0	3.0	1458.0
773	1.0	110.0	110.0	3.0	3.0	3.0	0.0	0.0	0.0	0.0	1.0	1.0	1.0	112.0	112.0	3.0	5511.0
774	1.0	55.0	55.0	3.0	3.0	3.0	0.0	1.0	0.0	1.0	2.0	2.0	1.0	110.0	110.0	3.0	1702.0
775	1.0	55.0	55.0	3.0	2.0	2.0	0.0	1.0	0.0	1.0	1.0	1.0	1.0	55.0	55.0	3.0	639.0
776	1.0	27.0	27.0	3.0	3.0	3.0	0.0	0.0	0.0	0.0	2.0	2.0	1.0	55.0	55.0	3.0	906.0
777	1.0	13.0	13.0	3.0	2.0	2.0	0.0	0.0	0.0	0.0	2.0	2.0	1.0	27.0	27.0	3.0	229.0
778	1.0	6.0	6.0	3.0	2.0	2.0	0.0	0.0	0.0	0.0	2.0	2.0	1.0	13.0	13.0	3.0	205.0
779	1.0	3.0	3.0	3.0	3.0	3.0	0.0	1.0	0.0	1.0	2.0	2.0	1.0	6.0	6.0	3.0	520.0
780	1.0	223.0	223.0	3.0	2.0	2.0	0.0	0.0	0.0	0.0	1.0	1.0	1.0	224.0	224.0	3.0	6792.0
781	1.0	223.0	223.0	3.0	3.0	3.0	1.0	1.0	1.0	1.0	1.0	1.0	1.0	223.0	223.0	3.0	19968.0
782	1.0	112.0	112.0	3.0	2.0	2.0	0.0	1.0	0.0	1.0	2.0	2.0	1.0	223.0	223.0	3.0	1502.0
783	1.0	110.0	110.0	3.0	3.0	3.0	0.0	0.0	0.0	0.0	1.0	1.0	1.0	112.0	112.0	3.0	5660.0
784	1.0	55.0	55.0	3.0	3.0	3.0	0.0	1.0	0.0	1.0	2.0	2.0	1.0	110.0	110.0	3.0	1797.0
785	1.0	55.0	55.0	3.0	2.0	2.0	0.0	1.0	0.0	1.0	1.0	1.0	1.0	55.0	55.0	3.0	656.0
786	1.0	27.0	27.0	3.0	3.0	3.0	0.0	0.0	0.0	0.0	2.0	2.0	1.0	55.0	55.0	3.0	938.0
787	1.0	13.0	13.0	3.0	2.0	2.0	0.0	0.0	0.0	0.0	2.0	2.0	1.0	27.0	27.0	3.0	237.0
788	1.0	6.0	6.0	3.0	2.0	2.0	0.0	0.0	0.0	0.0	2.0	2.0	1.0	13.0	13.0	3.0	205.0
789	1.0	3.0	3.0	3.0	3.0	3.0	0.0	1.0	0.0	1.0	2.0	2.0	1.0	6.0	6.0	3.0	540.0
790	1.0	223.0	223.0	3.0	2.0	2.0	0.0	0.0	0.0	0.0	1.0	1.0	1.0	224.0	224.0	3.0	6435.0
791	1.0	223.0	223.0	3.0	3.0	3.0	1.0	1.0	1.0	1.0	1.0	1.0	1.0	223.0	223.0	3.0	19685.0
792	1.0	112.0	112.0	3.0	2.0	2.0	0.0	1.0	0.0	1.0	2.0	2.0	1.0	223.0	223.0	3.0	1486.0
793	1.0	110.0	110.0	3.0	3.0	3.0	0.0	0.0	0.0	0.0	1.0	1.0	1.0	112.0	112.0	3.0	5508.0
794	1.0	55.0	55.0	3.0	3.0	3.0	0.0	1.0	0.0	1.0	2.0	2.0	1.0	110.0	110.0	3.0	1501.0
795	1.0	55.0	55.0	3.0	2.0	2.0	0.0	1.0	0.0	1.0	1.0	1.0	1.0	55.0	55.0	3.0	627.0
796	1.0	27.0	27.0	3.0	3.0	3.0	0.0	0.0	0.0	0.0	2.0	2.0	1.0	55.0	55.0	3.0	899.0
797	1.0	13.0	13.0	3.0	2.0	2.0	0.0	0.0	0.0	0.0	2.0	2.0	1.0	27.0	27.0	3.0	234.0
798	1.0	6.0	6.0	3.0	2.0	2.0	0.0	0.0	0.0	0.0	2.0	2.0	1.0	13.0	13.0	3.0	205.0
799	1.0	3.0	3.0	3.0	3.0	3.0	0.0	1.0	0.0	1.0	2.0	2.0	1.0	6.0	6.0	3.0	529.0
800	1.0	112.0	112.0	3.0	2.0	2.0	0.0	0.0	0.0	0.0	2.0	2.0	1.0	224.0	224.0	3.0	1500.0
801	1.0	56.0	56.0	3.0	2.0	2.0	0.0	0.0	0.0	0.0	2.0	2.0	1.0	112.0	112.0	3.0	689.0
802	1.0	56.0	56.0	3.0	3.0	3.0	1.0	1.0	1.0	1.0	1.0	1.0	1.0	56.0	56.0	3.0	2519.0
803	1.0	56.0	56.0	3.0	3.0	3.0	1.0	1.0	1.0	1.0	1.0	1.0	1.0	56.0	56.0	3.0	1784.0
804	1.0	28.0	28.0	3.0	3.0	3.0	0.0	1.0	0.0	1.0	2.0	2.0	1.0	56.0	56.0	3.0	957.0
805	1.0	28.0	28.0	3.0	2.0	2.0	0.0	1.0	0.0	1.0	1.0	1.0	1.0	28.0	28.0	3.0	363.0
806	1.0	13.0	13.0	3.0	3.0	3.0	0.0	0.0	0.0	0.0	2.0	2.0	1.0	28.0	28.0	3.0	632.0
807	1.0	13.0	13.0	3.0	3.0	3.0	1.0	1.0	1.0	1.0	1.0	1.0	1.0	13.0	13.0	3.0	626.0
808	1.0	6.0	6.0	3.0	3.0	3.0	0.0	0.0	0.0	0.0	2.0	2.0	1.0	13.0	13.0	3.0	551.0
809	1.0	3.0	3.0	3.0	3.0	3.0	0.0	1.0	0.0	1.0	2.0	2.0	1.0	6.0	6.0	3.0	534.0
810	1.0	112.0	112.0	3.0	2.0	2.0	0.0	0.0	0.0	0.0	2.0	2.0	1.0	224.0	224.0	3.0	1521.0
811	1.0	56.0	56.0	3.0	2.0	2.0	0.0	0.0	0.0	0.0	2.0	2.0	1.0	112.0	112.0	3.0	688.0
812	1.0	56.0	56.0	3.0	3.0	3.0	1.0	1.0	1.0	1.0	1.0	1.0	1.0	56.0	56.0	3.0	2285.0
813	1.0	56.0	56.0	3.0	3.0	3.0	1.0	1.0	1.0	1.0	1.0	1.0	1.0	56.0	56.0	3.0	1674.0
814	1.0	28.0	28.0	3.0	3.0	3.0	0.0	1.0	0.0	1.0	2.0	2.0	1.0	56.0	56.0	3.0	836.0
815	1.0	28.0	28.0	3.0	2.0	2.0	0.0	1.0	0.0	1.0	1.0	1.0	1.0	28.0	28.0	3.0	352.0
816	1.0	13.0	13.0	3.0	3.0	3.0	0.0	0.0	0.0	0.0	2.0	2.0	1.0	28.0	28.0	3.0	577.0
817	1.0	13.0	13.0	3.0	3.0	3.0	1.0	1.0	1.0	1.0	1.0	1.0	1.0	13.0	13.0	3.0	590.0
818	1.0	6.0	6.0	3.0	3.0	3.0	0.0	0.0	0.0	0.0	2.0	2.0	1.0	13.0	13.0	3.0	540.0
819	1.0	3.0	3.0	3.0	3.0	3.0	0.0	1.0	0.0	1.0	2.0	2.0	1.0	6.0	6.0	3.0	528.0
820	1.0	112.0	112.0	3.0	2.0	2.0	0.0	0.0	0.0	0.0	2.0	2.0	1.0	224.0	224.0	3.0	1467.0
821	1.0	56.0	56.0	3.0	2.0	2.0	0.0	0.0	0.0	0.0	2.0	2.0	1.0	112.0	112.0	3.0	593.0
822	1.0	56.0	56.0	3.0	3.0	3.0	1.0	1.0	1.0	1.0	1.0	1.0	1.0	56.0	56.0	3.0	2475.0
823	1.0	56.0	56.0	3.0	3.0	3.0	1.0	1.0	1.0	1.0	1.0	1.0	1.0	56.0	56.0	3.0	1476.0
824	1.0	28.0	28.0	3.0	3.0	3.0	0.0	1.0	0.0	1.0	2.0	2.0	1.0	56.0	56.0	3.0	873.0
825	1.0	28.0	28.0	3.0	2.0	2.0	0.0	1.0	0.0	1.0	1.0	1.0	1.0	28.0	28.0	3.0	325.0
826	1.0	13.0	13.0	3.0	3.0	3.0	0.0	0.0	0.0	0.0	2.0	2.0	1.0	28.0	28.0	3.0	623.0
827	1.0	13.0	13.0	3.0	3.0	3.0	1.0	1.0	1.0	1.0	1.0	1.0	1.0	13.0	13.0	3.0	620.0
828	1.0	6.0	6.0	3.0	3.0	3.0	0.0	0.0	0.0	0.0	2.0	2.0	1.0	13.0	13.0	3.0	548.0
829	1.0	3.0	3.0	3.0	3.0	3.0	0.0	1.0	0.0	1.0	2.0	2.0	1.0	6.0	6.0	3.0	527.0
830	1.0	112.0	112.0	3.0	2.0	2.0	0.0	0.0	0.0	0.0	2.0	2.0	1.0	224.0	224.0	3.0	1545.0
831	1.0	56.0	56.0	3.0	2.0	2.0	0.0	0.0	0.0	0.0	2.0	2.0	1.0	112.0	112.0	3.0	623.0
832	1.0	56.0	56.0	3.0	3.0	3.0	1.0	1.0	1.0	1.0	1.0	1.0	1.0	56.0	56.0	3.0	2492.0
833	1.0	56.0	56.0	3.0	3.0	3.0	1.0	1.0	1.0	1.0	1.0	1.0	1.0	56.0	56.0	3.0	1781.0
834	1.0	28.0	28.0	3.0	3.0	3.0	0.0	1.0	0.0	1.0	2.0	2.0	1.0	56.0	56.0	3.0	927.0
835	1.0	28.0	28.0	3.0	2.0	2.0	0.0	1.0	0.0	1.0	1.0	1.0	1.0	28.0	28.0	3.0	334.0
836	1.0	13.0	13.0	3.0	3.0	3.0	0.0	0.0	0.0	0.0	2.0	2.0	1.0	28.0	28.0	3.0	618.0
837	1.0	13.0	13.0	3.0	3.0	3.0	1.0	1.0	1.0	1.0	1.0	1.0	1.0	13.0	13.0	3.0	624.0
838	1.0	6.0	6.0	3.0	3.0	3.0	0.0	0.0	0.0	0.0	2.0	2.0	1.0	13.0	13.0	3.0	546.0
839	1.0	3.0	3.0	3.0	3.0	3.0	0.0	1.0	0.0	1.0	2.0	2.0	1.0	6.0	6.0	3.0	527.0
840	1.0	112.0	112.0	3.0	2.0	2.0	0.0	0.0	0.0	0.0	2.0	2.0	1.0	224.0	224.0	3.0	1578.0
841	1.0	56.0	56.0	3.0	2.0	2.0	0.0	0.0	0.0	0.0	2.0	2.0	1.0	112.0	112.0	3.0	579.0
842	1.0	56.0	56.0	3.0	3.0	3.0	1.0	1.0	1.0	1.0	1.0	1.0	1.0	56.0	56.0	3.0	2559.0
843	1.0	56.0	56.0	3.0	3.0	3.0	1.0	1.0	1.0	1.0	1.0	1.0	1.0	56.0	56.0	3.0	1639.0
844	1.0	28.0	28.0	3.0	3.0	3.0	0.0	1.0	0.0	1.0	2.0	2.0	1.0	56.0	56.0	3.0	886.0
845	1.0	28.0	28.0	3.0	2.0	2.0	0.0	1.0	0.0	1.0	1.0	1.0	1.0	28.0	28.0	3.0	337.0
846	1.0	13.0	13.0	3.0	3.0	3.0	0.0	0.0	0.0	0.0	2.0	2.0	1.0	28.0	28.0	3.0	591.0
847	1.0	13.0	13.0	3.0	3.0	3.0	1.0	1.0	1.0	1.0	1.0	1.0	1.0	13.0	13.0	3.0	606.0
848	1.0	6.0	6.0	3.0	3.0	3.0	0.0	0.0	0.0	0.0	2.0	2.0	1.0	13.0	13.0	3.0	548.0
849	1.0	3.0	3.0	3.0	3.0	3.0	0.0	1.0	0.0	1.0	2.0	2.0	1.0	6.0	6.0	3.0	529.0
850	1.0	112.0	112.0	3.0	2.0	2.0	0.0	0.0	0.0	0.0	2.0	2.0	1.0	224.0	224.0	3.0	1415.0
851	1.0	56.0	56.0	3.0	2.0	2.0	0.0	0.0	0.0	0.0	2.0	2.0	1.0	112.0	112.0	3.0	584.0
852	1.0	56.0	56.0	3.0	3.0	3.0	1.0	1.0	1.0	1.0	1.0	1.0	1.0	56.0	56.0	3.0	2306.0
853	1.0	56.0	56.0	3.0	3.0	3.0	1.0	1.0	1.0	1.0	1.0	1.0	1.0	56.0	56.0	3.0	1346.0
854	1.0	28.0	28.0	3.0	3.0	3.0	0.0	1.0	0.0	1.0	2.0	2.0	1.0	56.0	56.0	3.0	860.0
855	1.0	28.0	28.0	3.0	2.0	2.0	0.0	1.0	0.0	1.0	1.0	1.0	1.0	28.0	28.0	3.0	358.0
856	1.0	13.0	13.0	3.0	3.0	3.0	0.0	0.0	0.0	0.0	2.0	2.0	1.0	28.0	28.0	3.0	632.0
857	1.0	13.0	13.0	3.0	3.0	3.0	1.0	1.0	1.0	1.0	1.0	1.0	1.0	13.0	13.0	3.0	626.0
858	1.0	6.0	6.0	3.0	3.0	3.0	0.0	0.0	0.0	0.0	2.0	2.0	1.0	13.0	13.0	3.0	559.0
859	1.0	3.0	3.0	3.0	3.0	3.0	0.0	1.0	0.0	1.0	2.0	2.0	1.0	6.0	6.0	3.0	524.0
860	1.0	112.0	112.0	3.0	2.0	2.0	0.0	0.0	0.0	0.0	2.0	2.0	1.0	224.0	224.0	3.0	1496.0
861	1.0	56.0	56.0	3.0	2.0	2.0	0.0	0.0	0.0	0.0	2.0	2.0	1.0	112.0	112.0	3.0	534.0
862	1.0	56.0	56.0	3.0	3.0	3.0	1.0	1.0	1.0	1.0	1.0	1.0	1.0	56.0	56.0	3.0	2540.0
863	1.0	56.0	56.0	3.0	3.0	3.0	1.0	1.0	1.0	1.0	1.0	1.0	1.0	56.0	56.0	3.0	1725.0
864	1.0	28.0	28.0	3.0	3.0	3.0	0.0	1.0	0.0	1.0	2.0	2.0	1.0	56.0	56.0	3.0	841.0
865	1.0	28.0	28.0	3.0	2.0	2.0	0.0	1.0	0.0	1.0	1.0	1.0	1.0	28.0	28.0	3.0	344.0
866	1.0	13.0	13.0	3.0	3.0	3.0	0.0	0.0	0.0	0.0	2.0	2.0	1.0	28.0	28.0	3.0	623.0
867	1.0	13.0	13.0	3.0	3.0	3.0	1.0	1.0	1.0	1.0	1.0	1.0	1.0	13.0	13.0	3.0	620.0
868	1.0	6.0	6.0	3.0	3.0	3.0	0.0	0.0	0.0	0.0	2.0	2.0	1.0	13.0	13.0	3.0	544.0
869	1.0	3.0	3.0	3.0	3.0	3.0	0.0	1.0	0.0	1.0	2.0	2.0	1.0	6.0	6.0	3.0	525.0
870	1.0	112.0	112.0	3.0	2.0	2.0	0.0	0.0	0.0	0.0	2.0	2.0	1.0	224.0	224.0	3.0	1468.0
871	1.0	56.0	56.0	3.0	2.0	2.0	0.0	0.0	0.0	0.0	2.0	2.0	1.0	112.0	112.0	3.0	570.0
872	1.0	56.0	56.0	3.0	3.0	3.0	1.0	1.0	1.0	1.0	1.0	1.0	1.0	56.0	56.0	3.0	2729.0
873	1.0	56.0	56.0	3.0	3.0	3.0	1.0	1.0	1.0	1.0	1.0	1.0	1.0	56.0	56.0	3.0	1552.0
874	1.0	28.0	28.0	3.0	3.0	3.0	0.0	1.0	0.0	1.0	2.0	2.0	1.0	56.0	56.0	3.0	814.0
875	1.0	28.0	28.0	3.0	2.0	2.0	0.0	1.0	0.0	1.0	1.0	1.0	1.0	28.0	28.0	3.0	356.0
876	1.0	13.0	13.0	3.0	3.0	3.0	0.0	0.0	0.0	0.0	2.0	2.0	1.0	28.0	28.0	3.0	637.0
877	1.0	13.0	13.0	3.0	3.0	3.0	1.0	1.0	1.0	1.0	1.0	1.0	1.0	13.0	13.0	3.0	637.0
878	1.0	6.0	6.0	3.0	3.0	3.0	0.0	0.0	0.0	0.0	2.0	2.0	1.0	13.0	13.0	3.0	538.0
879	1.0	3.0	3.0	3.0	3.0	3.0	0.0	1.0	0.0	1.0	2.0	2.0	1.0	6.0	6.0	3.0	529.0
880	1.0	112.0	112.0	3.0	2.0	2.0	0.0	0.0	0.0	0.0	2.0	2.0	1.0	224.0	224.0	3.0	1516.0
881	1.0	56.0	56.0	3.0	2.0	2.0	0.0	0.0	0.0	0.0	2.0	2.0	1.0	112.0	112.0	3.0	527.0
882	1.0	56.0	56.0	3.0	3.0	3.0	1.0	1.0	1.0	1.0	1.0	1.0	1.0	56.0	56.0	3.0	2344.0
883	1.0	56.0	56.0	3.0	3.0	3.0	1.0	1.0	1.0	1.0	1.0	1.0	1.0	56.0	56.0	3.0	1544.0
884	1.0	28.0	28.0	3.0	3.0	3.0	0.0	1.0	0.0	1.0	2.0	2.0	1.0	56.0	56.0	3.0	892.0
885	1.0	28.0	28.0	3.0	2.0	2.0	0.0	1.0	0.0	1.0	1.0	1.0	1.0	28.0	28.0	3.0	338.0
886	1.0	13.0	13.0	3.0	3.0	3.0	0.0	0.0	0.0	0.0	2.0	2.0	1.0	28.0	28.0	3.0	628.0
887	1.0	13.0	13.0	3.0	3.0	3.0	1.0	1.0	1.0	1.0	1.0	1.0	1.0	13.0	13.0	3.0	624.0
888	1.0	6.0	6.0	3.0	3.0	3.0	0.0	0.0	0.0	0.0	2.0	2.0	1.0	13.0	13.0	3.0	544.0
889	1.0	3.0	3.0	3.0	3.0	3.0	0.0	1.0	0.0	1.0	2.0	2.0	1.0	6.0	6.0	3.0	528.0
890	1.0	112.0	112.0	3.0	2.0	2.0	0.0	0.0	0.0	0.0	2.0	2.0	1.0	224.0	224.0	3.0	1530.0
891	1.0	56.0	56.0	3.0	2.0	2.0	0.0	0.0	0.0	0.0	2.0	2.0	1.0	112.0	112.0	3.0	534.0
892	1.0	56.0	56.0	3.0	3.0	3.0	1.0	1.0	1.0	1.0	1.0	1.0	1.0	56.0	56.0	3.0	2443.0
893	1.0	56.0	56.0	3.0	3.0	3.0	1.0	1.0	1.0	1.0	1.0	1.0	1.0	56.0	56.0	3.0	1780.0
894	1.0	28.0	28.0	3.0	3.0	3.0	0.0	1.0	0.0	1.0	2.0	2.0	1.0	56.0	56.0	3.0	944.0
895	1.0	28.0	28.0	3.0	2.0	2.0	0.0	1.0	0.0	1.0	1.0	1.0	1.0	28.0	28.0	3.0	364.0
896	1.0	13.0	13.0	3.0	3.0	3.0	0.0	0.0	0.0	0.0	2.0	2.0	1.0	28.0	28.0	3.0	592.0
897	1.0	13.0	13.0	3.0	3.0	3.0	1.0	1.0	1.0	1.0	1.0	1.0	1.0	13.0	13.0	3.0	630.0
898	1.0	6.0	6.0	3.0	3.0	3.0	0.0	0.0	0.0	0.0	2.0	2.0	1.0	13.0	13.0	3.0	526.0
899	1.0	3.0	3.0	3.0	3.0	3.0	0.0	1.0	0.0	1.0	2.0	2.0	1.0	6.0	6.0	3.0	521.0
900	1.0	112.0	112.0	3.0	3.0	3.0	0.0	1.0	0.0	1.0	2.0	2.0	1.0	224.0	224.0	3.0	5004.0
901	1.0	56.0	56.0	3.0	3.0	3.0	0.0	1.0	0.0	1.0	2.0	2.0	1.0	112.0	112.0	3.0	1643.0
902	1.0	28.0	28.0	3.0	3.0	3.0	0.0	1.0	0.0	1.0	2.0	2.0	1.0	56.0	56.0	3.0	941.0
903	1.0	28.0	28.0	3.0	2.0	2.0	0.0	1.0	0.0	1.0	1.0	1.0	1.0	28.0	28.0	3.0	334.0
904	1.0	28.0	28.0	3.0	3.0	3.0	1.0	1.0	1.0	1.0	1.0	1.0	1.0	28.0	28.0	3.0	1759.0
905	1.0	28.0	28.0	3.0	2.0	2.0	0.0	1.0	0.0	1.0	1.0	1.0	1.0	28.0	28.0	3.0	359.0
906	1.0	14.0	14.0	3.0	2.0	2.0	0.0	0.0	0.0	0.0	2.0	2.0	1.0	28.0	28.0	3.0	243.0
907	1.0	7.0	7.0	3.0	2.0	2.0	0.0	0.0	0.0	0.0	2.0	2.0	1.0	14.0	14.0	3.0	209.0
908	1.0	4.0	4.0	3.0	3.0	3.0	1.0	1.0	1.0	1.0	2.0	2.0	1.0	7.0	7.0	3.0	530.0
909	1.0	4.0	4.0	3.0	3.0	3.0	1.0	1.0	1.0	1.0	1.0	1.0	1.0	4.0	4.0	3.0	537.0
910	1.0	112.0	112.0	3.0	3.0	3.0	0.0	1.0	0.0	1.0	2.0	2.0	1.0	224.0	224.0	3.0	5033.0
911	1.0	56.0	56.0	3.0	3.0	3.0	0.0	1.0	0.0	1.0	2.0	2.0	1.0	112.0	112.0	3.0	1804.0
912	1.0	28.0	28.0	3.0	3.0	3.0	0.0	1.0	0.0	1.0	2.0	2.0	1.0	56.0	56.0	3.0	929.0
913	1.0	28.0	28.0	3.0	2.0	2.0	0.0	1.0	0.0	1.0	1.0	1.0	1.0	28.0	28.0	3.0	337.0
914	1.0	28.0	28.0	3.0	3.0	3.0	1.0	1.0	1.0	1.0	1.0	1.0	1.0	28.0	28.0	3.0	1811.0
915	1.0	28.0	28.0	3.0	2.0	2.0	0.0	1.0	0.0	1.0	1.0	1.0	1.0	28.0	28.0	3.0	362.0
916	1.0	14.0	14.0	3.0	2.0	2.0	0.0	0.0	0.0	0.0	2.0	2.0	1.0	28.0	28.0	3.0	243.0
917	1.0	7.0	7.0	3.0	2.0	2.0	0.0	0.0	0.0	0.0	2.0	2.0	1.0	14.0	14.0	3.0	208.0
918	1.0	4.0	4.0	3.0	3.0	3.0	1.0	1.0	1.0	1.0	2.0	2.0	1.0	7.0	7.0	3.0	525.0
919	1.0	4.0	4.0	3.0	3.0	3.0	1.0	1.0	1.0	1.0	1.0	1.0	1.0	4.0	4.0	3.0	515.0
920	1.0	112.0	112.0	3.0	3.0	3.0	0.0	1.0	0.0	1.0	2.0	2.0	1.0	224.0	224.0	3.0	5208.0
921	1.0	56.0	56.0	3.0	3.0	3.0	0.0	1.0	0.0	1.0	2.0	2.0	1.0	112.0	112.0	3.0	1762.0
922	1.0	28.0	28.0	3.0	3.0	3.0	0.0	1.0	0.0	1.0	2.0	2.0	1.0	56.0	56.0	3.0	881.0
923	1.0	28.0	28.0	3.0	2.0	2.0	0.0	1.0	0.0	1.0	1.0	1.0	1.0	28.0	28.0	3.0	364.0
924	1.0	28.0	28.0	3.0	3.0	3.0	1.0	1.0	1.0	1.0	1.0	1.0	1.0	28.0	28.0	3.0	1827.0
925	1.0	28.0	28.0	3.0	2.0	2.0	0.0	1.0	0.0	1.0	1.0	1.0	1.0	28.0	28.0	3.0	357.0
926	1.0	14.0	14.0	3.0	2.0	2.0	0.0	0.0	0.0	0.0	2.0	2.0	1.0	28.0	28.0	3.0	243.0
927	1.0	7.0	7.0	3.0	2.0	2.0	0.0	0.0	0.0	0.0	2.0	2.0	1.0	14.0	14.0	3.0	208.0
928	1.0	4.0	4.0	3.0	3.0	3.0	1.0	1.0	1.0	1.0	2.0	2.0	1.0	7.0	7.0	3.0	523.0
929	1.0	4.0	4.0	3.0	3.0	3.0	1.0	1.0	1.0	1.0	1.0	1.0	1.0	4.0	4.0	3.0	527.0
930	1.0	112.0	112.0	3.0	3.0	3.0	0.0	1.0	0.0	1.0	2.0	2.0	1.0	224.0	224.0	3.0	4865.0
931	1.0	56.0	56.0	3.0	3.0	3.0	0.0	1.0	0.0	1.0	2.0	2.0	1.0	112.0	112.0	3.0	1738.0
932	1.0	28.0	28.0	3.0	3.0	3.0	0.0	1.0	0.0	1.0	2.0	2.0	1.0	56.0	56.0	3.0	952.0
933	1.0	28.0	28.0	3.0	2.0	2.0	0.0	1.0	0.0	1.0	1.0	1.0	1.0	28.0	28.0	3.0	359.0
934	1.0	28.0	28.0	3.0	3.0	3.0	1.0	1.0	1.0	1.0	1.0	1.0	1.0	28.0	28.0	3.0	1880.0
935	1.0	28.0	28.0	3.0	2.0	2.0	0.0	1.0	0.0	1.0	1.0	1.0	1.0	28.0	28.0	3.0	360.0
936	1.0	14.0	14.0	3.0	2.0	2.0	0.0	0.0	0.0	0.0	2.0	2.0	1.0	28.0	28.0	3.0	241.0
937	1.0	7.0	7.0	3.0	2.0	2.0	0.0	0.0	0.0	0.0	2.0	2.0	1.0	14.0	14.0	3.0	210.0
938	1.0	4.0	4.0	3.0	3.0	3.0	1.0	1.0	1.0	1.0	2.0	2.0	1.0	7.0	7.0	3.0	531.0
939	1.0	4.0	4.0	3.0	3.0	3.0	1.0	1.0	1.0	1.0	1.0	1.0	1.0	4.0	4.0	3.0	535.0
940	1.0	112.0	112.0	3.0	3.0	3.0	0.0	1.0	0.0	1.0	2.0	2.0	1.0	224.0	224.0	3.0	4909.0
941	1.0	56.0	56.0	3.0	3.0	3.0	0.0	1.0	0.0	1.0	2.0	2.0	1.0	112.0	112.0	3.0	1808.0
942	1.0	28.0	28.0	3.0	3.0	3.0	0.0	1.0	0.0	1.0	2.0	2.0	1.0	56.0	56.0	3.0	821.0
943	1.0	28.0	28.0	3.0	2.0	2.0	0.0	1.0	0.0	1.0	1.0	1.0	1.0	28.0	28.0	3.0	358.0
944	1.0	28.0	28.0	3.0	3.0	3.0	1.0	1.0	1.0	1.0	1.0	1.0	1.0	28.0	28.0	3.0	1658.0
945	1.0	28.0	28.0	3.0	2.0	2.0	0.0	1.0	0.0	1.0	1.0	1.0	1.0	28.0	28.0	3.0	344.0
946	1.0	14.0	14.0	3.0	2.0	2.0	0.0	0.0	0.0	0.0	2.0	2.0	1.0	28.0	28.0	3.0	226.0
947	1.0	7.0	7.0	3.0	2.0	2.0	0.0	0.0	0.0	0.0	2.0	2.0	1.0	14.0	14.0	3.0	197.0
948	1.0	4.0	4.0	3.0	3.0	3.0	1.0	1.0	1.0	1.0	2.0	2.0	1.0	7.0	7.0	3.0	525.0
949	1.0	4.0	4.0	3.0	3.0	3.0	1.0	1.0	1.0	1.0	1.0	1.0	1.0	4.0	4.0	3.0	536.0
950	1.0	112.0	112.0	3.0	3.0	3.0	0.0	1.0	0.0	1.0	2.0	2.0	1.0	224.0	224.0	3.0	4947.0
951	1.0	56.0	56.0	3.0	3.0	3.0	0.0	1.0	0.0	1.0	2.0	2.0	1.0	112.0	112.0	3.0	1634.0
952	1.0	28.0	28.0	3.0	3.0	3.0	0.0	1.0	0.0	1.0	2.0	2.0	1.0	56.0	56.0	3.0	800.0
953	1.0	28.0	28.0	3.0	2.0	2.0	0.0	1.0	0.0	1.0	1.0	1.0	1.0	28.0	28.0	3.0	362.0
954	1.0	28.0	28.0	3.0	3.0	3.0	1.0	1.0	1.0	1.0	1.0	1.0	1.0	28.0	28.0	3.0	1774.0
955	1.0	28.0	28.0	3.0	2.0	2.0	0.0	1.0	0.0	1.0	1.0	1.0	1.0	28.0	28.0	3.0	354.0
956	1.0	14.0	14.0	3.0	2.0	2.0	0.0	0.0	0.0	0.0	2.0	2.0	1.0	28.0	28.0	3.0	242.0
957	1.0	7.0	7.0	3.0	2.0	2.0	0.0	0.0	0.0	0.0	2.0	2.0	1.0	14.0	14.0	3.0	208.0
958	1.0	4.0	4.0	3.0	3.0	3.0	1.0	1.0	1.0	1.0	2.0	2.0	1.0	7.0	7.0	3.0	533.0
959	1.0	4.0	4.0	3.0	3.0	3.0	1.0	1.0	1.0	1.0	1.0	1.0	1.0	4.0	4.0	3.0	532.0
960	1.0	112.0	112.0	3.0	3.0	3.0	0.0	1.0	0.0	1.0	2.0	2.0	1.0	224.0	224.0	3.0	4762.0
961	1.0	56.0	56.0	3.0	3.0	3.0	0.0	1.0	0.0	1.0	2.0	2.0	1.0	112.0	112.0	3.0	1646.0
962	1.0	28.0	28.0	3.0	3.0	3.0	0.0	1.0	0.0	1.0	2.0	2.0	1.0	56.0	56.0	3.0	963.0
963	1.0	28.0	28.0	3.0	2.0	2.0	0.0	1.0	0.0	1.0	1.0	1.0	1.0	28.0	28.0	3.0	343.0
964	1.0	28.0	28.0	3.0	3.0	3.0	1.0	1.0	1.0	1.0	1.0	1.0	1.0	28.0	28.0	3.0	1783.0
965	1.0	28.0	28.0	3.0	2.0	2.0	0.0	1.0	0.0	1.0	1.0	1.0	1.0	28.0	28.0	3.0	336.0
966	1.0	14.0	14.0	3.0	2.0	2.0	0.0	0.0	0.0	0.0	2.0	2.0	1.0	28.0	28.0	3.0	222.0
967	1.0	7.0	7.0	3.0	2.0	2.0	0.0	0.0	0.0	0.0	2.0	2.0	1.0	14.0	14.0	3.0	204.0
968	1.0	4.0	4.0	3.0	3.0	3.0	1.0	1.0	1.0	1.0	2.0	2.0	1.0	7.0	7.0	3.0	521.0
969	1.0	4.0	4.0	3.0	3.0	3.0	1.0	1.0	1.0	1.0	1.0	1.0	1.0	4.0	4.0	3.0	526.0
970	1.0	112.0	112.0	3.0	3.0	3.0	0.0	1.0	0.0	1.0	2.0	2.0	1.0	224.0	224.0	3.0	4607.0
971	1.0	56.0	56.0	3.0	3.0	3.0	0.0	1.0	0.0	1.0	2.0	2.0	1.0	112.0	112.0	3.0	1594.0
972	1.0	28.0	28.0	3.0	3.0	3.0	0.0	1.0	0.0	1.0	2.0	2.0	1.0	56.0	56.0	3.0	942.0
973	1.0	28.0	28.0	3.0	2.0	2.0	0.0	1.0	0.0	1.0	1.0	1.0	1.0	28.0	28.0	3.0	333.0
974	1.0	28.0	28.0	3.0	3.0	3.0	1.0	1.0	1.0	1.0	1.0	1.0	1.0	28.0	28.0	3.0	1702.0
975	1.0	28.0	28.0	3.0	2.0	2.0	0.0	1.0	0.0	1.0	1.0	1.0	1.0	28.0	28.0	3.0	361.0
976	1.0	14.0	14.0	3.0	2.0	2.0	0.0	0.0	0.0	0.0	2.0	2.0	1.0	28.0	28.0	3.0	245.0
977	1.0	7.0	7.0	3.0	2.0	2.0	0.0	0.0	0.0	0.0	2.0	2.0	1.0	14.0	14.0	3.0	210.0
978	1.0	4.0	4.0	3.0	3.0	3.0	1.0	1.0	1.0	1.0	2.0	2.0	1.0	7.0	7.0	3.0	529.0
979	1.0	4.0	4.0	3.0	3.0	3.0	1.0	1.0	1.0	1.0	1.0	1.0	1.0	4.0	4.0	3.0	530.0
980	1.0	112.0	112.0	3.0	3.0	3.0	0.0	1.0	0.0	1.0	2.0	2.0	1.0	224.0	224.0	3.0	4636.0
981	1.0	56.0	56.0	3.0	3.0	3.0	0.0	1.0	0.0	1.0	2.0	2.0	1.0	112.0	112.0	3.0	1363.0
982	1.0	28.0	28.0	3.0	3.0	3.0	0.0	1.0	0.0	1.0	2.0	2.0	1.0	56.0	56.0	3.0	867.0
983	1.0	28.0	28.0	3.0	2.0	2.0	0.0	1.0	0.0	1.0	1.0	1.0	1.0	28.0	28.0	3.0	278.0
984	1.0	28.0	28.0	3.0	3.0	3.0	1.0	1.0	1.0	1.0	1.0	1.0	1.0	28.0	28.0	3.0	1609.0
985	1.0	28.0	28.0	3.0	2.0	2.0	0.0	1.0	0.0	1.0	1.0	1.0	1.0	28.0	28.0	3.0	366.0
986	1.0	14.0	14.0	3.0	2.0	2.0	0.0	0.0	0.0	0.0	2.0	2.0	1.0	28.0	28.0	3.0	229.0
987	1.0	7.0	7.0	3.0	2.0	2.0	0.0	0.0	0.0	0.0	2.0	2.0	1.0	14.0	14.0	3.0	197.0
988	1.0	4.0	4.0	3.0	3.0	3.0	1.0	1.0	1.0	1.0	2.0	2.0	1.0	7.0	7.0	3.0	514.0
989	1.0	4.0	4.0	3.0	3.0	3.0	1.0	1.0	1.0	1.0	1.0	1.0	1.0	4.0	4.0	3.0	515.0
990	1.0	112.0	112.0	3.0	3.0	3.0	0.0	1.0	0.0	1.0	2.0	2.0	1.0	224.0	224.0	3.0	4919.0
991	1.0	56.0	56.0	3.0	3.0	3.0	0.0	1.0	0.0	1.0	2.0	2.0	1.0	112.0	112.0	3.0	1825.0
992	1.0	28.0	28.0	3.0	3.0	3.0	0.0	1.0	0.0	1.0	2.0	2.0	1.0	56.0	56.0	3.0	858.0
993	1.0	28.0	28.0	3.0	2.0	2.0	0.0	1.0	0.0	1.0	1.0	1.0	1.0	28.0	28.0	3.0	368.0
994	1.0	28.0	28.0	3.0	3.0	3.0	1.0	1.0	1.0	1.0	1.0	1.0	1.0	28.0	28.0	3.0	1757.0
995	1.0	28.0	28.0	3.0	2.0	2.0	0.0	1.0	0.0	1.0	1.0	1.0	1.0	28.0	28.0	3.0	284.0
996	1.0	14.0	14.0	3.0	2.0	2.0	0.0	0.0	0.0	0.0	2.0	2.0	1.0	28.0	28.0	3.0	227.0
997	1.0	7.0	7.0	3.0	2.0	2.0	0.0	0.0	0.0	0.0	2.0	2.0	1.0	14.0	14.0	3.0	203.0
998	1.0	4.0	4.0	3.0	3.0	3.0	1.0	1.0	1.0	1.0	2.0	2.0	1.0	7.0	7.0	3.0	526.0
999	1.0	4.0	4.0	3.0	3.0	3.0	1.0	1.0	1.0	1.0	1.0	1.0	1.0	4.0	4.0	3.0	534.0
1000	1.0	222.0	222.0	3.0	3.0	3.0	0.0	0.0	0.0	0.0	1.0	1.0	1.0	224.0	224.0	3.0	17560.0
1001	1.0	110.0	110.0	3.0	3.0	3.0	0.0	0.0	0.0	0.0	2.0	2.0	1.0	222.0	222.0	3.0	5503.0
1002	1.0	55.0	55.0	3.0	2.0	2.0	0.0	0.0	0.0	0.0	2.0	2.0	1.0	110.0	110.0	3.0	653.0
1003	1.0	27.0	27.0	3.0	2.0	2.0	0.0	0.0	0.0	0.0	2.0	2.0	1.0	55.0	55.0	3.0	351.0
1004	1.0	27.0	27.0	3.0	3.0	3.0	1.0	1.0	1.0	1.0	1.0	1.0	1.0	27.0	27.0	3.0	916.0
1005	1.0	14.0	14.0	3.0	2.0	2.0	0.0	1.0	0.0	1.0	2.0	2.0	1.0	27.0	27.0	3.0	244.0
1006	1.0	14.0	14.0	3.0	3.0	3.0	1.0	1.0	1.0	1.0	1.0	1.0	1.0	14.0	14.0	3.0	624.0
1007	1.0	12.0	12.0	3.0	3.0	3.0	0.0	0.0	0.0	0.0	1.0	1.0	1.0	14.0	14.0	3.0	620.0
1008	1.0	11.0	11.0	3.0	2.0	2.0	0.0	0.0	0.0	0.0	1.0	1.0	1.0	12.0	12.0	3.0	226.0
1009	1.0	10.0	10.0	3.0	2.0	2.0	0.0	0.0	0.0	0.0	1.0	1.0	1.0	11.0	11.0	3.0	214.0
1010	1.0	222.0	222.0	3.0	3.0	3.0	0.0	0.0	0.0	0.0	1.0	1.0	1.0	224.0	224.0	3.0	17318.0
1011	1.0	110.0	110.0	3.0	3.0	3.0	0.0	0.0	0.0	0.0	2.0	2.0	1.0	222.0	222.0	3.0	5631.0
1012	1.0	55.0	55.0	3.0	2.0	2.0	0.0	0.0	0.0	0.0	2.0	2.0	1.0	110.0	110.0	3.0	687.0
1013	1.0	27.0	27.0	3.0	2.0	2.0	0.0	0.0	0.0	0.0	2.0	2.0	1.0	55.0	55.0	3.0	353.0
1014	1.0	27.0	27.0	3.0	3.0	3.0	1.0	1.0	1.0	1.0	1.0	1.0	1.0	27.0	27.0	3.0	930.0
1015	1.0	14.0	14.0	3.0	2.0	2.0	0.0	1.0	0.0	1.0	2.0	2.0	1.0	27.0	27.0	3.0	244.0
1016	1.0	14.0	14.0	3.0	3.0	3.0	1.0	1.0	1.0	1.0	1.0	1.0	1.0	14.0	14.0	3.0	652.0
1017	1.0	12.0	12.0	3.0	3.0	3.0	0.0	0.0	0.0	0.0	1.0	1.0	1.0	14.0	14.0	3.0	625.0
1018	1.0	11.0	11.0	3.0	2.0	2.0	0.0	0.0	0.0	0.0	1.0	1.0	1.0	12.0	12.0	3.0	230.0
1019	1.0	10.0	10.0	3.0	2.0	2.0	0.0	0.0	0.0	0.0	1.0	1.0	1.0	11.0	11.0	3.0	221.0
1020	1.0	222.0	222.0	3.0	3.0	3.0	0.0	0.0	0.0	0.0	1.0	1.0	1.0	224.0	224.0	3.0	18006.0
1021	1.0	110.0	110.0	3.0	3.0	3.0	0.0	0.0	0.0	0.0	2.0	2.0	1.0	222.0	222.0	3.0	5530.0
1022	1.0	55.0	55.0	3.0	2.0	2.0	0.0	0.0	0.0	0.0	2.0	2.0	1.0	110.0	110.0	3.0	588.0
1023	1.0	27.0	27.0	3.0	2.0	2.0	0.0	0.0	0.0	0.0	2.0	2.0	1.0	55.0	55.0	3.0	346.0
1024	1.0	27.0	27.0	3.0	3.0	3.0	1.0	1.0	1.0	1.0	1.0	1.0	1.0	27.0	27.0	3.0	831.0
1025	1.0	14.0	14.0	3.0	2.0	2.0	0.0	1.0	0.0	1.0	2.0	2.0	1.0	27.0	27.0	3.0	242.0
1026	1.0	14.0	14.0	3.0	3.0	3.0	1.0	1.0	1.0	1.0	1.0	1.0	1.0	14.0	14.0	3.0	651.0
1027	1.0	12.0	12.0	3.0	3.0	3.0	0.0	0.0	0.0	0.0	1.0	1.0	1.0	14.0	14.0	3.0	622.0
1028	1.0	11.0	11.0	3.0	2.0	2.0	0.0	0.0	0.0	0.0	1.0	1.0	1.0	12.0	12.0	3.0	225.0
1029	1.0	10.0	10.0	3.0	2.0	2.0	0.0	0.0	0.0	0.0	1.0	1.0	1.0	11.0	11.0	3.0	221.0
1030	1.0	222.0	222.0	3.0	3.0	3.0	0.0	0.0	0.0	0.0	1.0	1.0	1.0	224.0	224.0	3.0	17612.0
1031	1.0	110.0	110.0	3.0	3.0	3.0	0.0	0.0	0.0	0.0	2.0	2.0	1.0	222.0	222.0	3.0	5566.0
1032	1.0	55.0	55.0	3.0	2.0	2.0	0.0	0.0	0.0	0.0	2.0	2.0	1.0	110.0	110.0	3.0	542.0
1033	1.0	27.0	27.0	3.0	2.0	2.0	0.0	0.0	0.0	0.0	2.0	2.0	1.0	55.0	55.0	3.0	348.0
1034	1.0	27.0	27.0	3.0	3.0	3.0	1.0	1.0	1.0	1.0	1.0	1.0	1.0	27.0	27.0	3.0	888.0
1035	1.0	14.0	14.0	3.0	2.0	2.0	0.0	1.0	0.0	1.0	2.0	2.0	1.0	27.0	27.0	3.0	225.0
1036	1.0	14.0	14.0	3.0	3.0	3.0	1.0	1.0	1.0	1.0	1.0	1.0	1.0	14.0	14.0	3.0	626.0
1037	1.0	12.0	12.0	3.0	3.0	3.0	0.0	0.0	0.0	0.0	1.0	1.0	1.0	14.0	14.0	3.0	623.0
1038	1.0	11.0	11.0	3.0	2.0	2.0	0.0	0.0	0.0	0.0	1.0	1.0	1.0	12.0	12.0	3.0	230.0
1039	1.0	10.0	10.0	3.0	2.0	2.0	0.0	0.0	0.0	0.0	1.0	1.0	1.0	11.0	11.0	3.0	223.0
1040	1.0	222.0	222.0	3.0	3.0	3.0	0.0	0.0	0.0	0.0	1.0	1.0	1.0	224.0	224.0	3.0	17224.0
1041	1.0	110.0	110.0	3.0	3.0	3.0	0.0	0.0	0.0	0.0	2.0	2.0	1.0	222.0	222.0	3.0	5304.0
1042	1.0	55.0	55.0	3.0	2.0	2.0	0.0	0.0	0.0	0.0	2.0	2.0	1.0	110.0	110.0	3.0	606.0
1043	1.0	27.0	27.0	3.0	2.0	2.0	0.0	0.0	0.0	0.0	2.0	2.0	1.0	55.0	55.0	3.0	305.0
1044	1.0	27.0	27.0	3.0	3.0	3.0	1.0	1.0	1.0	1.0	1.0	1.0	1.0	27.0	27.0	3.0	851.0
1045	1.0	14.0	14.0	3.0	2.0	2.0	0.0	1.0	0.0	1.0	2.0	2.0	1.0	27.0	27.0	3.0	244.0
1046	1.0	14.0	14.0	3.0	3.0	3.0	1.0	1.0	1.0	1.0	1.0	1.0	1.0	14.0	14.0	3.0	645.0
1047	1.0	12.0	12.0	3.0	3.0	3.0	0.0	0.0	0.0	0.0	1.0	1.0	1.0	14.0	14.0	3.0	628.0
1048	1.0	11.0	11.0	3.0	2.0	2.0	0.0	0.0	0.0	0.0	1.0	1.0	1.0	12.0	12.0	3.0	228.0
1049	1.0	10.0	10.0	3.0	2.0	2.0	0.0	0.0	0.0	0.0	1.0	1.0	1.0	11.0	11.0	3.0	222.0
1050	1.0	222.0	222.0	3.0	3.0	3.0	0.0	0.0	0.0	0.0	1.0	1.0	1.0	224.0	224.0	3.0	17993.0
1051	1.0	110.0	110.0	3.0	3.0	3.0	0.0	0.0	0.0	0.0	2.0	2.0	1.0	222.0	222.0	3.0	5526.0
1052	1.0	55.0	55.0	3.0	2.0	2.0	0.0	0.0	0.0	0.0	2.0	2.0	1.0	110.0	110.0	3.0	606.0
1053	1.0	27.0	27.0	3.0	2.0	2.0	0.0	0.0	0.0	0.0	2.0	2.0	1.0	55.0	55.0	3.0	364.0
1054	1.0	27.0	27.0	3.0	3.0	3.0	1.0	1.0	1.0	1.0	1.0	1.0	1.0	27.0	27.0	3.0	911.0
1055	1.0	14.0	14.0	3.0	2.0	2.0	0.0	1.0	0.0	1.0	2.0	2.0	1.0	27.0	27.0	3.0	252.0
1056	1.0	14.0	14.0	3.0	3.0	3.0	1.0	1.0	1.0	1.0	1.0	1.0	1.0	14.0	14.0	3.0	642.0
1057	1.0	12.0	12.0	3.0	3.0	3.0	0.0	0.0	0.0	0.0	1.0	1.0	1.0	14.0	14.0	3.0	606.0
1058	1.0	11.0	11.0	3.0	2.0	2.0	0.0	0.0	0.0	0.0	1.0	1.0	1.0	12.0	12.0	3.0	233.0
1059	1.0	10.0	10.0	3.0	2.0	2.0	0.0	0.0	0.0	0.0	1.0	1.0	1.0	11.0	11.0	3.0	222.0
1060	1.0	222.0	222.0	3.0	3.0	3.0	0.0	0.0	0.0	0.0	1.0	1.0	1.0	224.0	224.0	3.0	18033.0
1061	1.0	110.0	110.0	3.0	3.0	3.0	0.0	0.0	0.0	0.0	2.0	2.0	1.0	222.0	222.0	3.0	5483.0
1062	1.0	55.0	55.0	3.0	2.0	2.0	0.0	0.0	0.0	0.0	2.0	2.0	1.0	110.0	110.0	3.0	683.0
1063	1.0	27.0	27.0	3.0	2.0	2.0	0.0	0.0	0.0	0.0	2.0	2.0	1.0	55.0	55.0	3.0	361.0
1064	1.0	27.0	27.0	3.0	3.0	3.0	1.0	1.0	1.0	1.0	1.0	1.0	1.0	27.0	27.0	3.0	945.0
1065	1.0	14.0	14.0	3.0	2.0	2.0	0.0	1.0	0.0	1.0	2.0	2.0	1.0	27.0	27.0	3.0	243.0
1066	1.0	14.0	14.0	3.0	3.0	3.0	1.0	1.0	1.0	1.0	1.0	1.0	1.0	14.0	14.0	3.0	653.0
1067	1.0	12.0	12.0	3.0	3.0	3.0	0.0	0.0	0.0	0.0	1.0	1.0	1.0	14.0	14.0	3.0	590.0
1068	1.0	11.0	11.0	3.0	2.0	2.0	0.0	0.0	0.0	0.0	1.0	1.0	1.0	12.0	12.0	3.0	230.0
1069	1.0	10.0	10.0	3.0	2.0	2.0	0.0	0.0	0.0	0.0	1.0	1.0	1.0	11.0	11.0	3.0	225.0
1070	1.0	222.0	222.0	3.0	3.0	3.0	0.0	0.0	0.0	0.0	1.0	1.0	1.0	224.0	224.0	3.0	18006.0
1071	1.0	110.0	110.0	3.0	3.0	3.0	0.0	0.0	0.0	0.0	2.0	2.0	1.0	222.0	222.0	3.0	5513.0
1072	1.0	55.0	55.0	3.0	2.0	2.0	0.0	0.0	0.0	0.0	2.0	2.0	1.0	110.0	110.0	3.0	715.0
1073	1.0	27.0	27.0	3.0	2.0	2.0	0.0	0.0	0.0	0.0	2.0	2.0	1.0	55.0	55.0	3.0	350.0
1074	1.0	27.0	27.0	3.0	3.0	3.0	1.0	1.0	1.0	1.0	1.0	1.0	1.0	27.0	27.0	3.0	944.0
1075	1.0	14.0	14.0	3.0	2.0	2.0	0.0	1.0	0.0	1.0	2.0	2.0	1.0	27.0	27.0	3.0	243.0
1076	1.0	14.0	14.0	3.0	3.0	3.0	1.0	1.0	1.0	1.0	1.0	1.0	1.0	14.0	14.0	3.0	654.0
1077	1.0	12.0	12.0	3.0	3.0	3.0	0.0	0.0	0.0	0.0	1.0	1.0	1.0	14.0	14.0	3.0	628.0
1078	1.0	11.0	11.0	3.0	2.0	2.0	0.0	0.0	0.0	0.0	1.0	1.0	1.0	12.0	12.0	3.0	228.0
1079	1.0	10.0	10.0	3.0	2.0	2.0	0.0	0.0	0.0	0.0	1.0	1.0	1.0	11.0	11.0	3.0	225.0
1080	1.0	222.0	222.0	3.0	3.0	3.0	0.0	0.0	0.0	0.0	1.0	1.0	1.0	224.0	224.0	3.0	18022.0
1081	1.0	110.0	110.0	3.0	3.0	3.0	0.0	0.0	0.0	0.0	2.0	2.0	1.0	222.0	222.0	3.0	5218.0
1082	1.0	55.0	55.0	3.0	2.0	2.0	0.0	0.0	0.0	0.0	2.0	2.0	1.0	110.0	110.0	3.0	623.0
1083	1.0	27.0	27.0	3.0	2.0	2.0	0.0	0.0	0.0	0.0	2.0	2.0	1.0	55.0	55.0	3.0	343.0
1084	1.0	27.0	27.0	3.0	3.0	3.0	1.0	1.0	1.0	1.0	1.0	1.0	1.0	27.0	27.0	3.0	925.0
1085	1.0	14.0	14.0	3.0	2.0	2.0	0.0	1.0	0.0	1.0	2.0	2.0	1.0	27.0	27.0	3.0	244.0
1086	1.0	14.0	14.0	3.0	3.0	3.0	1.0	1.0	1.0	1.0	1.0	1.0	1.0	14.0	14.0	3.0	651.0
1087	1.0	12.0	12.0	3.0	3.0	3.0	0.0	0.0	0.0	0.0	1.0	1.0	1.0	14.0	14.0	3.0	620.0
1088	1.0	11.0	11.0	3.0	2.0	2.0	0.0	0.0	0.0	0.0	1.0	1.0	1.0	12.0	12.0	3.0	228.0
1089	1.0	10.0	10.0	3.0	2.0	2.0	0.0	0.0	0.0	0.0	1.0	1.0	1.0	11.0	11.0	3.0	213.0
1090	1.0	222.0	222.0	3.0	3.0	3.0	0.0	0.0	0.0	0.0	1.0	1.0	1.0	224.0	224.0	3.0	17720.0
1091	1.0	110.0	110.0	3.0	3.0	3.0	0.0	0.0	0.0	0.0	2.0	2.0	1.0	222.0	222.0	3.0	5267.0
1092	1.0	55.0	55.0	3.0	2.0	2.0	0.0	0.0	0.0	0.0	2.0	2.0	1.0	110.0	110.0	3.0	676.0
1093	1.0	27.0	27.0	3.0	2.0	2.0	0.0	0.0	0.0	0.0	2.0	2.0	1.0	55.0	55.0	3.0	351.0
1094	1.0	27.0	27.0	3.0	3.0	3.0	1.0	1.0	1.0	1.0	1.0	1.0	1.0	27.0	27.0	3.0	915.0
1095	1.0	14.0	14.0	3.0	2.0	2.0	0.0	1.0	0.0	1.0	2.0	2.0	1.0	27.0	27.0	3.0	235.0
1096	1.0	14.0	14.0	3.0	3.0	3.0	1.0	1.0	1.0	1.0	1.0	1.0	1.0	14.0	14.0	3.0	638.0
1097	1.0	12.0	12.0	3.0	3.0	3.0	0.0	0.0	0.0	0.0	1.0	1.0	1.0	14.0	14.0	3.0	623.0
1098	1.0	11.0	11.0	3.0	2.0	2.0	0.0	0.0	0.0	0.0	1.0	1.0	1.0	12.0	12.0	3.0	232.0
1099	1.0	10.0	10.0	3.0	2.0	2.0	0.0	0.0	0.0	0.0	1.0	1.0	1.0	11.0	11.0	3.0	225.0
1100	1.0	224.0	224.0	3.0	2.0	2.0	0.0	1.0	0.0	1.0	1.0	1.0	1.0	224.0	224.0	3.0	6543.0
1101	1.0	111.0	111.0	3.0	3.0	3.0	0.0	0.0	0.0	0.0	2.0	2.0	1.0	224.0	224.0	3.0	4519.0
1102	1.0	56.0	56.0	3.0	2.0	2.0	0.0	1.0	0.0	1.0	2.0	2.0	1.0	111.0	111.0	3.0	1484.0
1103	1.0	55.0	55.0	3.0	2.0	2.0	0.0	0.0	0.0	0.0	1.0	1.0	1.0	56.0	56.0	3.0	650.0
1104	1.0	28.0	28.0	3.0	3.0	3.0	1.0	1.0	1.0	1.0	2.0	2.0	1.0	55.0	55.0	3.0	1819.0
1105	1.0	28.0	28.0	3.0	2.0	2.0	0.0	1.0	0.0	1.0	1.0	1.0	1.0	28.0	28.0	3.0	366.0
1106	1.0	28.0	28.0	3.0	3.0	3.0	1.0	1.0	1.0	1.0	1.0	1.0	1.0	28.0	28.0	3.0	944.0
1107	1.0	14.0	14.0	3.0	2.0	2.0	0.0	0.0	0.0	0.0	2.0	2.0	1.0	28.0	28.0	3.0	217.0
1108	1.0	7.0	7.0	3.0	3.0	3.0	0.0	1.0	0.0	1.0	2.0	2.0	1.0	14.0	14.0	3.0	532.0
1109	1.0	5.0	5.0	3.0	3.0	3.0	0.0	0.0	0.0	0.0	1.0	1.0	1.0	7.0	7.0	3.0	541.0
1110	1.0	224.0	224.0	3.0	2.0	2.0	0.0	1.0	0.0	1.0	1.0	1.0	1.0	224.0	224.0	3.0	6383.0
1111	1.0	111.0	111.0	3.0	3.0	3.0	0.0	0.0	0.0	0.0	2.0	2.0	1.0	224.0	224.0	3.0	4766.0
1112	1.0	56.0	56.0	3.0	2.0	2.0	0.0	1.0	0.0	1.0	2.0	2.0	1.0	111.0	111.0	3.0	1477.0
1113	1.0	55.0	55.0	3.0	2.0	2.0	0.0	0.0	0.0	0.0	1.0	1.0	1.0	56.0	56.0	3.0	576.0
1114	1.0	28.0	28.0	3.0	3.0	3.0	1.0	1.0	1.0	1.0	2.0	2.0	1.0	55.0	55.0	3.0	1785.0
1115	1.0	28.0	28.0	3.0	2.0	2.0	0.0	1.0	0.0	1.0	1.0	1.0	1.0	28.0	28.0	3.0	349.0
1116	1.0	28.0	28.0	3.0	3.0	3.0	1.0	1.0	1.0	1.0	1.0	1.0	1.0	28.0	28.0	3.0	944.0
1117	1.0	14.0	14.0	3.0	2.0	2.0	0.0	0.0	0.0	0.0	2.0	2.0	1.0	28.0	28.0	3.0	242.0
1118	1.0	7.0	7.0	3.0	3.0	3.0	0.0	1.0	0.0	1.0	2.0	2.0	1.0	14.0	14.0	3.0	545.0
1119	1.0	5.0	5.0	3.0	3.0	3.0	0.0	0.0	0.0	0.0	1.0	1.0	1.0	7.0	7.0	3.0	547.0
1120	1.0	224.0	224.0	3.0	2.0	2.0	0.0	1.0	0.0	1.0	1.0	1.0	1.0	224.0	224.0	3.0	6880.0
1121	1.0	111.0	111.0	3.0	3.0	3.0	0.0	0.0	0.0	0.0	2.0	2.0	1.0	224.0	224.0	3.0	4704.0
1122	1.0	56.0	56.0	3.0	2.0	2.0	0.0	1.0	0.0	1.0	2.0	2.0	1.0	111.0	111.0	3.0	1296.0
1123	1.0	55.0	55.0	3.0	2.0	2.0	0.0	0.0	0.0	0.0	1.0	1.0	1.0	56.0	56.0	3.0	576.0
1124	1.0	28.0	28.0	3.0	3.0	3.0	1.0	1.0	1.0	1.0	2.0	2.0	1.0	55.0	55.0	3.0	1534.0
1125	1.0	28.0	28.0	3.0	2.0	2.0	0.0	1.0	0.0	1.0	1.0	1.0	1.0	28.0	28.0	3.0	341.0
1126	1.0	28.0	28.0	3.0	3.0	3.0	1.0	1.0	1.0	1.0	1.0	1.0	1.0	28.0	28.0	3.0	923.0
1127	1.0	14.0	14.0	3.0	2.0	2.0	0.0	0.0	0.0	0.0	2.0	2.0	1.0	28.0	28.0	3.0	241.0
1128	1.0	7.0	7.0	3.0	3.0	3.0	0.0	1.0	0.0	1.0	2.0	2.0	1.0	14.0	14.0	3.0	547.0
1129	1.0	5.0	5.0	3.0	3.0	3.0	0.0	0.0	0.0	0.0	1.0	1.0	1.0	7.0	7.0	3.0	521.0
1130	1.0	224.0	224.0	3.0	2.0	2.0	0.0	1.0	0.0	1.0	1.0	1.0	1.0	224.0	224.0	3.0	6856.0
1131	1.0	111.0	111.0	3.0	3.0	3.0	0.0	0.0	0.0	0.0	2.0	2.0	1.0	224.0	224.0	3.0	4292.0
1132	1.0	56.0	56.0	3.0	2.0	2.0	0.0	1.0	0.0	1.0	2.0	2.0	1.0	111.0	111.0	3.0	1346.0
1133	1.0	55.0	55.0	3.0	2.0	2.0	0.0	0.0	0.0	0.0	1.0	1.0	1.0	56.0	56.0	3.0	618.0
1134	1.0	28.0	28.0	3.0	3.0	3.0	1.0	1.0	1.0	1.0	2.0	2.0	1.0	55.0	55.0	3.0	1626.0
1135	1.0	28.0	28.0	3.0	2.0	2.0	0.0	1.0	0.0	1.0	1.0	1.0	1.0	28.0	28.0	3.0	291.0
1136	1.0	28.0	28.0	3.0	3.0	3.0	1.0	1.0	1.0	1.0	1.0	1.0	1.0	28.0	28.0	3.0	855.0
1137	1.0	14.0	14.0	3.0	2.0	2.0	0.0	0.0	0.0	0.0	2.0	2.0	1.0	28.0	28.0	3.0	234.0
1138	1.0	7.0	7.0	3.0	3.0	3.0	0.0	1.0	0.0	1.0	2.0	2.0	1.0	14.0	14.0	3.0	551.0
1139	1.0	5.0	5.0	3.0	3.0	3.0	0.0	0.0	0.0	0.0	1.0	1.0	1.0	7.0	7.0	3.0	534.0
1140	1.0	224.0	224.0	3.0	2.0	2.0	0.0	1.0	0.0	1.0	1.0	1.0	1.0	224.0	224.0	3.0	6454.0
1141	1.0	111.0	111.0	3.0	3.0	3.0	0.0	0.0	0.0	0.0	2.0	2.0	1.0	224.0	224.0	3.0	4555.0
1142	1.0	56.0	56.0	3.0	2.0	2.0	0.0	1.0	0.0	1.0	2.0	2.0	1.0	111.0	111.0	3.0	1420.0
1143	1.0	55.0	55.0	3.0	2.0	2.0	0.0	0.0	0.0	0.0	1.0	1.0	1.0	56.0	56.0	3.0	657.0
1144	1.0	28.0	28.0	3.0	3.0	3.0	1.0	1.0	1.0	1.0	2.0	2.0	1.0	55.0	55.0	3.0	1719.0
1145	1.0	28.0	28.0	3.0	2.0	2.0	0.0	1.0	0.0	1.0	1.0	1.0	1.0	28.0	28.0	3.0	359.0
1146	1.0	28.0	28.0	3.0	3.0	3.0	1.0	1.0	1.0	1.0	1.0	1.0	1.0	28.0	28.0	3.0	968.0
1147	1.0	14.0	14.0	3.0	2.0	2.0	0.0	0.0	0.0	0.0	2.0	2.0	1.0	28.0	28.0	3.0	245.0
1148	1.0	7.0	7.0	3.0	3.0	3.0	0.0	1.0	0.0	1.0	2.0	2.0	1.0	14.0	14.0	3.0	555.0
1149	1.0	5.0	5.0	3.0	3.0	3.0	0.0	0.0	0.0	0.0	1.0	1.0	1.0	7.0	7.0	3.0	534.0
1150	1.0	224.0	224.0	3.0	2.0	2.0	0.0	1.0	0.0	1.0	1.0	1.0	1.0	224.0	224.0	3.0	6714.0
1151	1.0	111.0	111.0	3.0	3.0	3.0	0.0	0.0	0.0	0.0	2.0	2.0	1.0	224.0	224.0	3.0	4483.0
1152	1.0	56.0	56.0	3.0	2.0	2.0	0.0	1.0	0.0	1.0	2.0	2.0	1.0	111.0	111.0	3.0	1414.0
1153	1.0	55.0	55.0	3.0	2.0	2.0	0.0	0.0	0.0	0.0	1.0	1.0	1.0	56.0	56.0	3.0	590.0
1154	1.0	28.0	28.0	3.0	3.0	3.0	1.0	1.0	1.0	1.0	2.0	2.0	1.0	55.0	55.0	3.0	1666.0
1155	1.0	28.0	28.0	3.0	2.0	2.0	0.0	1.0	0.0	1.0	1.0	1.0	1.0	28.0	28.0	3.0	337.0
1156	1.0	28.0	28.0	3.0	3.0	3.0	1.0	1.0	1.0	1.0	1.0	1.0	1.0	28.0	28.0	3.0	935.0
1157	1.0	14.0	14.0	3.0	2.0	2.0	0.0	0.0	0.0	0.0	2.0	2.0	1.0	28.0	28.0	3.0	243.0
1158	1.0	7.0	7.0	3.0	3.0	3.0	0.0	1.0	0.0	1.0	2.0	2.0	1.0	14.0	14.0	3.0	551.0
1159	1.0	5.0	5.0	3.0	3.0	3.0	0.0	0.0	0.0	0.0	1.0	1.0	1.0	7.0	7.0	3.0	511.0
1160	1.0	224.0	224.0	3.0	2.0	2.0	0.0	1.0	0.0	1.0	1.0	1.0	1.0	224.0	224.0	3.0	6257.0
1161	1.0	111.0	111.0	3.0	3.0	3.0	0.0	0.0	0.0	0.0	2.0	2.0	1.0	224.0	224.0	3.0	4621.0
1162	1.0	56.0	56.0	3.0	2.0	2.0	0.0	1.0	0.0	1.0	2.0	2.0	1.0	111.0	111.0	3.0	1381.0
1163	1.0	55.0	55.0	3.0	2.0	2.0	0.0	0.0	0.0	0.0	1.0	1.0	1.0	56.0	56.0	3.0	488.0
1164	1.0	28.0	28.0	3.0	3.0	3.0	1.0	1.0	1.0	1.0	2.0	2.0	1.0	55.0	55.0	3.0	1707.0
1165	1.0	28.0	28.0	3.0	2.0	2.0	0.0	1.0	0.0	1.0	1.0	1.0	1.0	28.0	28.0	3.0	349.0
1166	1.0	28.0	28.0	3.0	3.0	3.0	1.0	1.0	1.0	1.0	1.0	1.0	1.0	28.0	28.0	3.0	918.0
1167	1.0	14.0	14.0	3.0	2.0	2.0	0.0	0.0	0.0	0.0	2.0	2.0	1.0	28.0	28.0	3.0	242.0
1168	1.0	7.0	7.0	3.0	3.0	3.0	0.0	1.0	0.0	1.0	2.0	2.0	1.0	14.0	14.0	3.0	559.0
1169	1.0	5.0	5.0	3.0	3.0	3.0	0.0	0.0	0.0	0.0	1.0	1.0	1.0	7.0	7.0	3.0	539.0
1170	1.0	224.0	224.0	3.0	2.0	2.0	0.0	1.0	0.0	1.0	1.0	1.0	1.0	224.0	224.0	3.0	6579.0
1171	1.0	111.0	111.0	3.0	3.0	3.0	0.0	0.0	0.0	0.0	2.0	2.0	1.0	224.0	224.0	3.0	4609.0
1172	1.0	56.0	56.0	3.0	2.0	2.0	0.0	1.0	0.0	1.0	2.0	2.0	1.0	111.0	111.0	3.0	1397.0
1173	1.0	55.0	55.0	3.0	2.0	2.0	0.0	0.0	0.0	0.0	1.0	1.0	1.0	56.0	56.0	3.0	601.0
1174	1.0	28.0	28.0	3.0	3.0	3.0	1.0	1.0	1.0	1.0	2.0	2.0	1.0	55.0	55.0	3.0	1623.0
1175	1.0	28.0	28.0	3.0	2.0	2.0	0.0	1.0	0.0	1.0	1.0	1.0	1.0	28.0	28.0	3.0	347.0
1176	1.0	28.0	28.0	3.0	3.0	3.0	1.0	1.0	1.0	1.0	1.0	1.0	1.0	28.0	28.0	3.0	946.0
1177	1.0	14.0	14.0	3.0	2.0	2.0	0.0	0.0	0.0	0.0	2.0	2.0	1.0	28.0	28.0	3.0	241.0
1178	1.0	7.0	7.0	3.0	3.0	3.0	0.0	1.0	0.0	1.0	2.0	2.0	1.0	14.0	14.0	3.0	553.0
1179	1.0	5.0	5.0	3.0	3.0	3.0	0.0	0.0	0.0	0.0	1.0	1.0	1.0	7.0	7.0	3.0	537.0
1180	1.0	224.0	224.0	3.0	2.0	2.0	0.0	1.0	0.0	1.0	1.0	1.0	1.0	224.0	224.0	3.0	6578.0
1181	1.0	111.0	111.0	3.0	3.0	3.0	0.0	0.0	0.0	0.0	2.0	2.0	1.0	224.0	224.0	3.0	4684.0
1182	1.0	56.0	56.0	3.0	2.0	2.0	0.0	1.0	0.0	1.0	2.0	2.0	1.0	111.0	111.0	3.0	1371.0
1183	1.0	55.0	55.0	3.0	2.0	2.0	0.0	0.0	0.0	0.0	1.0	1.0	1.0	56.0	56.0	3.0	631.0
1184	1.0	28.0	28.0	3.0	3.0	3.0	1.0	1.0	1.0	1.0	2.0	2.0	1.0	55.0	55.0	3.0	1626.0
1185	1.0	28.0	28.0	3.0	2.0	2.0	0.0	1.0	0.0	1.0	1.0	1.0	1.0	28.0	28.0	3.0	353.0
1186	1.0	28.0	28.0	3.0	3.0	3.0	1.0	1.0	1.0	1.0	1.0	1.0	1.0	28.0	28.0	3.0	933.0
1187	1.0	14.0	14.0	3.0	2.0	2.0	0.0	0.0	0.0	0.0	2.0	2.0	1.0	28.0	28.0	3.0	245.0
1188	1.0	7.0	7.0	3.0	3.0	3.0	0.0	1.0	0.0	1.0	2.0	2.0	1.0	14.0	14.0	3.0	564.0
1189	1.0	5.0	5.0	3.0	3.0	3.0	0.0	0.0	0.0	0.0	1.0	1.0	1.0	7.0	7.0	3.0	541.0
1190	1.0	224.0	224.0	3.0	2.0	2.0	0.0	1.0	0.0	1.0	1.0	1.0	1.0	224.0	224.0	3.0	6357.0
1191	1.0	111.0	111.0	3.0	3.0	3.0	0.0	0.0	0.0	0.0	2.0	2.0	1.0	224.0	224.0	3.0	4213.0
1192	1.0	56.0	56.0	3.0	2.0	2.0	0.0	1.0	0.0	1.0	2.0	2.0	1.0	111.0	111.0	3.0	1424.0
1193	1.0	55.0	55.0	3.0	2.0	2.0	0.0	0.0	0.0	0.0	1.0	1.0	1.0	56.0	56.0	3.0	602.0
1194	1.0	28.0	28.0	3.0	3.0	3.0	1.0	1.0	1.0	1.0	2.0	2.0	1.0	55.0	55.0	3.0	1724.0
1195	1.0	28.0	28.0	3.0	2.0	2.0	0.0	1.0	0.0	1.0	1.0	1.0	1.0	28.0	28.0	3.0	363.0
1196	1.0	28.0	28.0	3.0	3.0	3.0	1.0	1.0	1.0	1.0	1.0	1.0	1.0	28.0	28.0	3.0	941.0
1197	1.0	14.0	14.0	3.0	2.0	2.0	0.0	0.0	0.0	0.0	2.0	2.0	1.0	28.0	28.0	3.0	243.0
1198	1.0	7.0	7.0	3.0	3.0	3.0	0.0	1.0	0.0	1.0	2.0	2.0	1.0	14.0	14.0	3.0	556.0
1199	1.0	5.0	5.0	3.0	3.0	3.0	0.0	0.0	0.0	0.0	1.0	1.0	1.0	7.0	7.0	3.0	535.0
