	relu_coeff	time_cost
0	2880.0	150.0
1	320.0	86.0
2	1024.0	164.0
3	2880.0	149.0
4	320.0	87.0
5	1024.0	150.0
6	2880.0	152.0
7	320.0	88.0
8	1024.0	163.0
9	2880.0	139.0
10	320.0	88.0
11	1024.0	153.0
12	2880.0	144.0
13	320.0	87.0
14	1024.0	158.0
15	2880.0	145.0
16	320.0	86.0
17	1024.0	152.0
18	2880.0	144.0
19	320.0	84.0
20	1024.0	160.0
21	2880.0	148.0
22	320.0	87.0
23	1024.0	163.0
24	2880.0	149.0
25	320.0	87.0
26	1024.0	163.0
27	2880.0	141.0
28	320.0	87.0
29	1024.0	164.0
30	3600.0	160.0
31	400.0	87.0
32	50.0	79.0
33	1338.0	135.0
34	3600.0	119.0
35	400.0	85.0
36	50.0	78.0
37	1338.0	147.0
38	3600.0	156.0
39	400.0	89.0
40	50.0	82.0
41	1338.0	134.0
42	3600.0	124.0
43	400.0	89.0
44	50.0	76.0
45	1338.0	134.0
46	3600.0	121.0
47	400.0	90.0
48	50.0	80.0
49	1338.0	128.0
50	3600.0	137.0
51	400.0	88.0
52	50.0	77.0
53	1338.0	138.0
54	3600.0	146.0
55	400.0	92.0
56	50.0	81.0
57	1338.0	138.0
58	3600.0	124.0
59	400.0	87.0
60	50.0	80.0
61	1338.0	136.0
62	3600.0	163.0
63	400.0	88.0
64	50.0	78.0
65	1338.0	139.0
66	3600.0	118.0
67	400.0	89.0
68	50.0	79.0
69	1338.0	141.0
70	200704.0	3232.0
71	200704.0	4043.0
72	200704.0	4172.0
73	802816.0	12196.0
74	200704.0	3209.0
75	200704.0	3180.0
76	802816.0	13459.0
77	200704.0	3414.0
78	200704.0	3513.0
79	802816.0	12130.0
80	401408.0	6795.0
81	100352.0	1995.0
82	401408.0	6888.0
83	100352.0	1391.0
84	100352.0	2207.0
85	401408.0	5970.0
86	100352.0	2253.0
87	100352.0	2252.0
88	401408.0	6476.0
89	100352.0	2026.0
90	100352.0	1461.0
91	401408.0	6209.0
92	200704.0	3121.0
93	50176.0	1557.0
94	200704.0	3164.0
95	50176.0	826.0
96	50176.0	902.0
97	200704.0	4018.0
98	50176.0	1535.0
99	50176.0	935.0
100	200704.0	3162.0
101	50176.0	799.0
102	50176.0	1832.0
103	200704.0	3143.0
104	50176.0	842.0
105	50176.0	938.0
106	200704.0	3861.0
107	50176.0	1546.0
108	50176.0	929.0
109	200704.0	3261.0
110	100352.0	1389.0
111	25088.0	1652.0
112	100352.0	2004.0
113	25088.0	692.0
114	25088.0	1059.0
115	100352.0	1921.0
116	25088.0	627.0
117	25088.0	951.0
118	100352.0	1300.0
119	200704.0	3169.0
120	200704.0	3911.0
121	200704.0	4193.0
122	802816.0	12248.0
123	200704.0	3201.0
124	200704.0	3112.0
125	802816.0	13140.0
126	200704.0	3195.0
127	200704.0	3465.0
128	802816.0	12264.0
129	401408.0	6631.0
130	100352.0	2017.0
131	401408.0	6488.0
132	100352.0	1448.0
133	100352.0	1967.0
134	401408.0	5868.0
135	100352.0	2041.0
136	100352.0	2104.0
137	401408.0	6725.0
138	100352.0	2133.0
139	100352.0	1473.0
140	401408.0	5668.0
141	200704.0	3160.0
142	50176.0	1699.0
143	200704.0	3023.0
144	50176.0	851.0
145	50176.0	947.0
146	200704.0	3710.0
147	50176.0	1467.0
148	50176.0	930.0
149	200704.0	3070.0
150	50176.0	823.0
151	50176.0	1649.0
152	200704.0	3019.0
153	50176.0	815.0
154	50176.0	891.0
155	200704.0	3977.0
156	50176.0	1488.0
157	50176.0	826.0
158	200704.0	3067.0
159	100352.0	1421.0
160	25088.0	1555.0
161	100352.0	1925.0
162	25088.0	668.0
163	25088.0	932.0
164	100352.0	1976.0
165	25088.0	668.0
166	25088.0	947.0
167	100352.0	1234.0
168	200704.0	3032.0
169	200704.0	3858.0
170	200704.0	4503.0
171	802816.0	12070.0
172	200704.0	3183.0
173	200704.0	3104.0
174	802816.0	12798.0
175	200704.0	3187.0
176	200704.0	3218.0
177	802816.0	11859.0
178	401408.0	6637.0
179	100352.0	2259.0
180	401408.0	6320.0
181	100352.0	1439.0
182	100352.0	1920.0
183	401408.0	6083.0
184	100352.0	2268.0
185	100352.0	2127.0
186	401408.0	6877.0
187	100352.0	2085.0
188	100352.0	1509.0
189	401408.0	6043.0
190	200704.0	3220.0
191	50176.0	1678.0
192	200704.0	3110.0
193	50176.0	845.0
194	50176.0	890.0
195	200704.0	4172.0
196	50176.0	1600.0
197	50176.0	926.0
198	200704.0	3160.0
199	50176.0	904.0
200	50176.0	1662.0
201	200704.0	3076.0
202	50176.0	841.0
203	50176.0	829.0
204	200704.0	4001.0
205	50176.0	1538.0
206	50176.0	917.0
207	200704.0	3250.0
208	100352.0	1495.0
209	25088.0	1661.0
210	100352.0	2001.0
211	25088.0	668.0
212	25088.0	952.0
213	100352.0	1966.0
214	25088.0	695.0
215	25088.0	1221.0
216	100352.0	1264.0
217	200704.0	3316.0
218	200704.0	3871.0
219	200704.0	4266.0
220	802816.0	12715.0
221	200704.0	3270.0
222	200704.0	3279.0
223	802816.0	13298.0
224	200704.0	3261.0
225	200704.0	3334.0
226	802816.0	12251.0
227	401408.0	6931.0
228	100352.0	2171.0
229	401408.0	6509.0
230	100352.0	1388.0
231	100352.0	2097.0
232	401408.0	5847.0
233	100352.0	2364.0
234	100352.0	2229.0
235	401408.0	7010.0
236	100352.0	2068.0
237	100352.0	1390.0
238	401408.0	5835.0
239	200704.0	3188.0
240	50176.0	1609.0
241	200704.0	3320.0
242	50176.0	847.0
243	50176.0	899.0
244	200704.0	3932.0
245	50176.0	1504.0
246	50176.0	940.0
247	200704.0	3015.0
248	50176.0	852.0
249	50176.0	1745.0
250	200704.0	3147.0
251	50176.0	846.0
252	50176.0	1047.0
253	200704.0	3837.0
254	50176.0	1512.0
255	50176.0	941.0
256	200704.0	3033.0
257	100352.0	1591.0
258	25088.0	1787.0
259	100352.0	1935.0
260	25088.0	663.0
261	25088.0	968.0
262	100352.0	2083.0
263	25088.0	656.0
264	25088.0	927.0
265	100352.0	1271.0
266	200704.0	3074.0
267	200704.0	3759.0
268	200704.0	4163.0
269	802816.0	12010.0
270	200704.0	3248.0
271	200704.0	3377.0
272	802816.0	12999.0
273	200704.0	3257.0
274	200704.0	3385.0
275	802816.0	12108.0
276	401408.0	6713.0
277	100352.0	2268.0
278	401408.0	7050.0
279	100352.0	1408.0
280	100352.0	2012.0
281	401408.0	5970.0
282	100352.0	2129.0
283	100352.0	2234.0
284	401408.0	6855.0
285	100352.0	2104.0
286	100352.0	1452.0
287	401408.0	5594.0
288	200704.0	3362.0
289	50176.0	1608.0
290	200704.0	3023.0
291	50176.0	820.0
292	50176.0	887.0
293	200704.0	3783.0
294	50176.0	1486.0
295	50176.0	850.0
296	200704.0	3104.0
297	50176.0	854.0
298	50176.0	1661.0
299	200704.0	3207.0
300	50176.0	797.0
301	50176.0	875.0
302	200704.0	4018.0
303	50176.0	1556.0
304	50176.0	901.0
305	200704.0	3096.0
306	100352.0	1438.0
307	25088.0	1632.0
308	100352.0	2030.0
309	25088.0	673.0
310	25088.0	923.0
311	100352.0	2046.0
312	25088.0	701.0
313	25088.0	942.0
314	100352.0	1287.0
315	200704.0	3379.0
316	200704.0	4051.0
317	200704.0	4314.0
318	802816.0	12663.0
319	200704.0	3383.0
320	200704.0	3431.0
321	802816.0	13488.0
322	200704.0	3287.0
323	200704.0	3479.0
324	802816.0	12579.0
325	401408.0	6984.0
326	100352.0	2226.0
327	401408.0	6954.0
328	100352.0	1528.0
329	100352.0	2171.0
330	401408.0	5981.0
331	100352.0	2331.0
332	100352.0	2028.0
333	401408.0	7119.0
334	100352.0	2190.0
335	100352.0	1422.0
336	401408.0	5923.0
337	200704.0	3373.0
338	50176.0	1703.0
339	200704.0	3220.0
340	50176.0	791.0
341	50176.0	888.0
342	200704.0	3829.0
343	50176.0	1573.0
344	50176.0	893.0
345	200704.0	3068.0
346	50176.0	956.0
347	50176.0	1702.0
348	200704.0	3259.0
349	50176.0	808.0
350	50176.0	933.0
351	200704.0	3830.0
352	50176.0	1560.0
353	50176.0	925.0
354	200704.0	3187.0
355	100352.0	1500.0
356	25088.0	1734.0
357	100352.0	2237.0
358	25088.0	676.0
359	25088.0	1075.0
360	100352.0	2163.0
361	25088.0	735.0
362	25088.0	959.0
363	100352.0	1214.0
364	200704.0	3023.0
365	200704.0	3803.0
366	200704.0	4240.0
367	802816.0	12710.0
368	200704.0	3238.0
369	200704.0	3178.0
370	802816.0	13801.0
371	200704.0	3333.0
372	200704.0	3226.0
373	802816.0	12178.0
374	401408.0	7162.0
375	100352.0	2326.0
376	401408.0	6864.0
377	100352.0	1422.0
378	100352.0	2092.0
379	401408.0	6018.0
380	100352.0	2175.0
381	100352.0	2261.0
382	401408.0	6891.0
383	100352.0	2184.0
384	100352.0	1431.0
385	401408.0	5714.0
386	200704.0	3197.0
387	50176.0	1682.0
388	200704.0	3065.0
389	50176.0	847.0
390	50176.0	922.0
391	200704.0	3881.0
392	50176.0	1583.0
393	50176.0	964.0
394	200704.0	3167.0
395	50176.0	821.0
396	50176.0	1748.0
397	200704.0	3427.0
398	50176.0	849.0
399	50176.0	906.0
400	200704.0	4012.0
401	50176.0	1656.0
402	50176.0	909.0
403	200704.0	3095.0
404	100352.0	1440.0
405	25088.0	1608.0
406	100352.0	1949.0
407	25088.0	674.0
408	25088.0	941.0
409	100352.0	1904.0
410	25088.0	660.0
411	25088.0	897.0
412	100352.0	1332.0
413	200704.0	3229.0
414	200704.0	4237.0
415	200704.0	4031.0
416	802816.0	12682.0
417	200704.0	3191.0
418	200704.0	3337.0
419	802816.0	13415.0
420	200704.0	3192.0
421	200704.0	3551.0
422	802816.0	12698.0
423	401408.0	7028.0
424	100352.0	2304.0
425	401408.0	7078.0
426	100352.0	1507.0
427	100352.0	2027.0
428	401408.0	5979.0
429	100352.0	2064.0
430	100352.0	2192.0
431	401408.0	6989.0
432	100352.0	2173.0
433	100352.0	1515.0
434	401408.0	5818.0
435	200704.0	3259.0
436	50176.0	1613.0
437	200704.0	3379.0
438	50176.0	847.0
439	50176.0	928.0
440	200704.0	3731.0
441	50176.0	1555.0
442	50176.0	899.0
443	200704.0	3166.0
444	50176.0	834.0
445	50176.0	1609.0
446	200704.0	3222.0
447	50176.0	847.0
448	50176.0	864.0
449	200704.0	3756.0
450	50176.0	1647.0
451	50176.0	903.0
452	200704.0	3143.0
453	100352.0	1443.0
454	25088.0	1647.0
455	100352.0	2081.0
456	25088.0	663.0
457	25088.0	1098.0
458	100352.0	1972.0
459	25088.0	671.0
460	25088.0	945.0
461	100352.0	1160.0
462	200704.0	3154.0
463	200704.0	3852.0
464	200704.0	4307.0
465	802816.0	12456.0
466	200704.0	3423.0
467	200704.0	3381.0
468	802816.0	13310.0
469	200704.0	3333.0
470	200704.0	3355.0
471	802816.0	12227.0
472	401408.0	6766.0
473	100352.0	2227.0
474	401408.0	6814.0
475	100352.0	1533.0
476	100352.0	2090.0
477	401408.0	5833.0
478	100352.0	2075.0
479	100352.0	2301.0
480	401408.0	6698.0
481	100352.0	2238.0
482	100352.0	1388.0
483	401408.0	5791.0
484	200704.0	3356.0
485	50176.0	1706.0
486	200704.0	3099.0
487	50176.0	859.0
488	50176.0	923.0
489	200704.0	3792.0
490	50176.0	1605.0
491	50176.0	1004.0
492	200704.0	3102.0
493	50176.0	851.0
494	50176.0	1641.0
495	200704.0	3204.0
496	50176.0	853.0
497	50176.0	914.0
498	200704.0	3790.0
499	50176.0	1622.0
500	50176.0	931.0
501	200704.0	3118.0
502	100352.0	1515.0
503	25088.0	1689.0
504	100352.0	2009.0
505	25088.0	679.0
506	25088.0	982.0
507	100352.0	1997.0
508	25088.0	714.0
509	25088.0	966.0
510	100352.0	1273.0
511	200704.0	3320.0
512	200704.0	3779.0
513	200704.0	4299.0
514	802816.0	12057.0
515	200704.0	3284.0
516	200704.0	3323.0
517	802816.0	13005.0
518	200704.0	3332.0
519	200704.0	3279.0
520	802816.0	12138.0
521	401408.0	6879.0
522	100352.0	2184.0
523	401408.0	6545.0
524	100352.0	1410.0
525	100352.0	1981.0
526	401408.0	5736.0
527	100352.0	2115.0
528	100352.0	2161.0
529	401408.0	6573.0
530	100352.0	2217.0
531	100352.0	1503.0
532	401408.0	5725.0
533	200704.0	3220.0
534	50176.0	1612.0
535	200704.0	3093.0
536	50176.0	907.0
537	50176.0	965.0
538	200704.0	3814.0
539	50176.0	1526.0
540	50176.0	892.0
541	200704.0	3098.0
542	50176.0	869.0
543	50176.0	1633.0
544	200704.0	3020.0
545	50176.0	882.0
546	50176.0	979.0
547	200704.0	3958.0
548	50176.0	1543.0
549	50176.0	907.0
550	200704.0	3040.0
551	100352.0	1436.0
552	25088.0	1493.0
553	100352.0	2147.0
554	25088.0	686.0
555	25088.0	932.0
556	100352.0	2003.0
557	25088.0	743.0
558	25088.0	937.0
559	100352.0	1288.0
560	200704.0	3129.0
561	200704.0	3077.0
562	401408.0	6808.0
563	301056.0	5037.0
564	401408.0	7121.0
565	401408.0	5918.0
566	401408.0	6466.0
567	501760.0	7989.0
568	401408.0	5992.0
569	602112.0	9489.0
570	401408.0	6735.0
571	702464.0	10628.0
572	401408.0	5816.0
573	802816.0	11927.0
574	100352.0	2120.0
575	100352.0	1364.0
576	125440.0	2285.0
577	100352.0	1360.0
578	150528.0	2548.0
579	100352.0	3202.0
580	175616.0	3063.0
581	100352.0	1973.0
582	200704.0	3311.0
583	100352.0	3048.0
584	225792.0	3457.0
585	100352.0	1438.0
586	250880.0	4350.0
587	100352.0	2175.0
588	275968.0	4720.0
589	100352.0	1553.0
590	301056.0	5281.0
591	100352.0	2371.0
592	326144.0	4632.0
593	100352.0	2185.0
594	351232.0	6036.0
595	100352.0	1439.0
596	376320.0	5798.0
597	100352.0	2120.0
598	401408.0	6882.0
599	50176.0	788.0
600	25088.0	529.0
601	56448.0	940.0
602	25088.0	561.0
603	62720.0	1666.0
604	25088.0	561.0
605	68992.0	1912.0
606	25088.0	515.0
607	75264.0	1793.0
608	25088.0	572.0
609	81536.0	1123.0
610	25088.0	1402.0
611	87808.0	1180.0
612	25088.0	546.0
613	94080.0	2106.0
614	25088.0	568.0
615	100352.0	1498.0
616	25088.0	579.0
617	106624.0	3201.0
618	25088.0	567.0
619	112896.0	2227.0
620	25088.0	505.0
621	119168.0	2428.0
622	25088.0	547.0
623	125440.0	1762.0
624	25088.0	547.0
625	131712.0	1708.0
626	25088.0	533.0
627	137984.0	3267.0
628	25088.0	505.0
629	144256.0	2439.0
630	25088.0	524.0
631	150528.0	2566.0
632	25088.0	537.0
633	156800.0	2787.0
634	25088.0	561.0
635	163072.0	3714.0
636	25088.0	575.0
637	169344.0	2873.0
638	25088.0	571.0
639	175616.0	2902.0
640	25088.0	641.0
641	181888.0	3081.0
642	25088.0	606.0
643	188160.0	3877.0
644	25088.0	586.0
645	194432.0	3180.0
646	25088.0	567.0
647	200704.0	3076.0
648	25088.0	440.0
649	6272.0	342.0
650	26656.0	494.0
651	6272.0	310.0
652	28224.0	492.0
653	6272.0	311.0
654	29792.0	542.0
655	6272.0	315.0
656	31360.0	2203.0
657	6272.0	327.0
658	32928.0	583.0
659	6272.0	323.0
660	34496.0	604.0
661	6272.0	312.0
662	36064.0	617.0
663	6272.0	315.0
664	37632.0	1460.0
665	6272.0	317.0
666	39200.0	631.0
667	6272.0	275.0
668	40768.0	601.0
669	6272.0	324.0
670	42336.0	665.0
671	6272.0	294.0
672	43904.0	1448.0
673	6272.0	327.0
674	45472.0	716.0
675	6272.0	327.0
676	47040.0	692.0
677	6272.0	285.0
678	48608.0	683.0
679	6272.0	322.0
680	50176.0	1568.0
681	200704.0	3136.0
682	200704.0	3104.0
683	401408.0	7144.0
684	301056.0	5067.0
685	401408.0	7031.0
686	401408.0	6180.0
687	401408.0	6749.0
688	501760.0	8026.0
689	401408.0	6042.0
690	602112.0	9612.0
691	401408.0	7009.0
692	702464.0	10674.0
693	401408.0	6057.0
694	802816.0	12143.0
695	100352.0	2245.0
696	100352.0	1388.0
697	125440.0	2281.0
698	100352.0	1420.0
699	150528.0	2484.0
700	100352.0	2889.0
701	175616.0	2925.0
702	100352.0	1985.0
703	200704.0	3484.0
704	100352.0	3201.0
705	225792.0	3591.0
706	100352.0	1391.0
707	250880.0	4501.0
708	100352.0	2203.0
709	275968.0	4674.0
710	100352.0	1455.0
711	301056.0	5159.0
712	100352.0	2306.0
713	326144.0	4501.0
714	100352.0	2180.0
715	351232.0	6140.0
716	100352.0	1333.0
717	376320.0	5419.0
718	100352.0	2099.0
719	401408.0	6494.0
720	50176.0	785.0
721	25088.0	552.0
722	56448.0	838.0
723	25088.0	543.0
724	62720.0	1655.0
725	25088.0	550.0
726	68992.0	1824.0
727	25088.0	550.0
728	75264.0	1941.0
729	25088.0	546.0
730	81536.0	1090.0
731	25088.0	1263.0
732	87808.0	1202.0
733	25088.0	566.0
734	94080.0	1929.0
735	25088.0	568.0
736	100352.0	1328.0
737	25088.0	563.0
738	106624.0	3172.0
739	25088.0	545.0
740	112896.0	2270.0
741	25088.0	533.0
742	119168.0	2312.0
743	25088.0	554.0
744	125440.0	1557.0
745	25088.0	546.0
746	131712.0	1639.0
747	25088.0	545.0
748	137984.0	3036.0
749	25088.0	542.0
750	144256.0	2383.0
751	25088.0	547.0
752	150528.0	2703.0
753	25088.0	545.0
754	156800.0	2701.0
755	25088.0	551.0
756	163072.0	3501.0
757	25088.0	544.0
758	169344.0	2656.0
759	25088.0	535.0
760	175616.0	2768.0
761	25088.0	539.0
762	181888.0	3030.0
763	25088.0	543.0
764	188160.0	3843.0
765	25088.0	521.0
766	194432.0	3252.0
767	25088.0	538.0
768	200704.0	3164.0
769	25088.0	406.0
770	6272.0	321.0
771	26656.0	476.0
772	6272.0	311.0
773	28224.0	481.0
774	6272.0	301.0
775	29792.0	520.0
776	6272.0	315.0
777	31360.0	2111.0
778	6272.0	297.0
779	32928.0	572.0
780	6272.0	316.0
781	34496.0	606.0
782	6272.0	315.0
783	36064.0	604.0
784	6272.0	327.0
785	37632.0	1402.0
786	6272.0	317.0
787	39200.0	582.0
788	6272.0	309.0
789	40768.0	665.0
790	6272.0	305.0
791	42336.0	643.0
792	6272.0	313.0
793	43904.0	1406.0
794	6272.0	324.0
795	45472.0	691.0
796	6272.0	305.0
797	47040.0	659.0
798	6272.0	311.0
799	48608.0	708.0
800	6272.0	317.0
801	50176.0	1428.0
802	200704.0	3279.0
803	200704.0	3108.0
804	401408.0	6787.0
805	301056.0	4696.0
806	401408.0	6932.0
807	401408.0	6018.0
808	401408.0	6636.0
809	501760.0	7650.0
810	401408.0	5823.0
811	602112.0	9352.0
812	401408.0	6707.0
813	702464.0	10391.0
814	401408.0	5991.0
815	802816.0	12122.0
816	100352.0	2148.0
817	100352.0	1357.0
818	125440.0	2221.0
819	100352.0	1409.0
820	150528.0	2568.0
821	100352.0	2912.0
822	175616.0	2901.0
823	100352.0	2037.0
824	200704.0	3350.0
825	100352.0	2958.0
826	225792.0	3361.0
827	100352.0	1476.0
828	250880.0	4367.0
829	100352.0	2059.0
830	275968.0	4462.0
831	100352.0	1398.0
832	301056.0	4900.0
833	100352.0	2162.0
834	326144.0	4496.0
835	100352.0	2135.0
836	351232.0	6143.0
837	100352.0	1522.0
838	376320.0	5587.0
839	100352.0	2100.0
840	401408.0	6673.0
841	50176.0	709.0
842	25088.0	530.0
843	56448.0	783.0
844	25088.0	543.0
845	62720.0	1618.0
846	25088.0	564.0
847	68992.0	1723.0
848	25088.0	541.0
849	75264.0	1706.0
850	25088.0	554.0
851	81536.0	1122.0
852	25088.0	1280.0
853	87808.0	1177.0
854	25088.0	542.0
855	94080.0	1955.0
856	25088.0	479.0
857	100352.0	1273.0
858	25088.0	578.0
859	106624.0	2756.0
860	25088.0	545.0
861	112896.0	2126.0
862	25088.0	603.0
863	119168.0	2202.0
864	25088.0	548.0
865	125440.0	1559.0
866	25088.0	561.0
867	131712.0	1651.0
868	25088.0	536.0
869	137984.0	3097.0
870	25088.0	495.0
871	144256.0	2493.0
872	25088.0	566.0
873	150528.0	2428.0
874	25088.0	598.0
875	156800.0	2616.0
876	25088.0	540.0
877	163072.0	3409.0
878	25088.0	527.0
879	169344.0	2785.0
880	25088.0	561.0
881	175616.0	2872.0
882	25088.0	562.0
883	181888.0	2770.0
884	25088.0	565.0
885	188160.0	3636.0
886	25088.0	528.0
887	194432.0	2871.0
888	25088.0	659.0
889	200704.0	3084.0
890	25088.0	463.0
891	6272.0	355.0
892	26656.0	480.0
893	6272.0	333.0
894	28224.0	514.0
895	6272.0	322.0
896	29792.0	515.0
897	6272.0	246.0
898	31360.0	1971.0
899	6272.0	315.0
900	32928.0	572.0
901	6272.0	286.0
902	34496.0	528.0
903	6272.0	261.0
904	36064.0	559.0
905	6272.0	266.0
906	37632.0	1354.0
907	6272.0	308.0
908	39200.0	580.0
909	6272.0	308.0
910	40768.0	624.0
911	6272.0	333.0
912	42336.0	647.0
913	6272.0	275.0
914	43904.0	1325.0
915	6272.0	322.0
916	45472.0	700.0
917	6272.0	302.0
918	47040.0	637.0
919	6272.0	306.0
920	48608.0	700.0
921	6272.0	303.0
922	50176.0	1472.0
923	200704.0	3223.0
924	200704.0	3150.0
925	401408.0	6584.0
926	301056.0	4967.0
927	401408.0	6693.0
928	401408.0	6016.0
929	401408.0	6781.0
930	501760.0	7899.0
931	401408.0	5805.0
932	602112.0	9314.0
933	401408.0	6816.0
934	702464.0	10270.0
935	401408.0	6032.0
936	802816.0	12030.0
937	100352.0	2039.0
938	100352.0	1363.0
939	125440.0	2269.0
940	100352.0	1395.0
941	150528.0	2534.0
942	100352.0	2761.0
943	175616.0	2762.0
944	100352.0	2006.0
945	200704.0	3075.0
946	100352.0	2972.0
947	225792.0	3388.0
948	100352.0	1404.0
949	250880.0	4334.0
950	100352.0	2221.0
951	275968.0	4554.0
952	100352.0	1437.0
953	301056.0	4856.0
954	100352.0	2322.0
955	326144.0	4536.0
956	100352.0	2141.0
957	351232.0	6201.0
958	100352.0	1446.0
959	376320.0	5622.0
960	100352.0	2072.0
961	401408.0	6544.0
962	50176.0	770.0
963	25088.0	523.0
964	56448.0	844.0
965	25088.0	535.0
966	62720.0	1689.0
967	25088.0	562.0
968	68992.0	1736.0
969	25088.0	558.0
970	75264.0	1774.0
971	25088.0	560.0
972	81536.0	1112.0
973	25088.0	1266.0
974	87808.0	1160.0
975	25088.0	547.0
976	94080.0	1876.0
977	25088.0	567.0
978	100352.0	1286.0
979	25088.0	487.0
980	106624.0	2880.0
981	25088.0	541.0
982	112896.0	2167.0
983	25088.0	541.0
984	119168.0	2300.0
985	25088.0	509.0
986	125440.0	1414.0
987	25088.0	557.0
988	131712.0	1608.0
989	25088.0	551.0
990	137984.0	3013.0
991	25088.0	542.0
992	144256.0	2474.0
993	25088.0	538.0
994	150528.0	2520.0
995	25088.0	546.0
996	156800.0	2631.0
997	25088.0	538.0
998	163072.0	3384.0
999	25088.0	534.0
1000	169344.0	2811.0
1001	25088.0	590.0
1002	175616.0	2821.0
1003	25088.0	552.0
1004	181888.0	2805.0
1005	25088.0	565.0
1006	188160.0	3606.0
1007	25088.0	589.0
1008	194432.0	2930.0
1009	25088.0	477.0
1010	200704.0	2995.0
1011	25088.0	500.0
1012	6272.0	310.0
1013	26656.0	489.0
1014	6272.0	309.0
1015	28224.0	509.0
1016	6272.0	308.0
1017	29792.0	536.0
1018	6272.0	308.0
1019	31360.0	2096.0
1020	6272.0	325.0
1021	32928.0	533.0
1022	6272.0	282.0
1023	34496.0	581.0
1024	6272.0	313.0
1025	36064.0	616.0
1026	6272.0	327.0
1027	37632.0	1366.0
1028	6272.0	346.0
1029	39200.0	710.0
1030	6272.0	295.0
1031	40768.0	648.0
1032	6272.0	294.0
1033	42336.0	671.0
1034	6272.0	307.0
1035	43904.0	1364.0
1036	6272.0	325.0
1037	45472.0	650.0
1038	6272.0	322.0
1039	47040.0	706.0
1040	6272.0	308.0
1041	48608.0	696.0
1042	6272.0	280.0
1043	50176.0	1384.0
1044	200704.0	3180.0
1045	200704.0	3222.0
1046	401408.0	7136.0
1047	301056.0	4923.0
1048	401408.0	6859.0
1049	401408.0	5901.0
1050	401408.0	6938.0
1051	501760.0	8291.0
1052	401408.0	5898.0
1053	602112.0	9406.0
1054	401408.0	7182.0
1055	702464.0	10673.0
1056	401408.0	5848.0
1057	802816.0	12591.0
1058	100352.0	2187.0
1059	100352.0	1363.0
1060	125440.0	2367.0
1061	100352.0	1441.0
1062	150528.0	2673.0
1063	100352.0	2757.0
1064	175616.0	2801.0
1065	100352.0	2221.0
1066	200704.0	3109.0
1067	100352.0	2948.0
1068	225792.0	3350.0
1069	100352.0	1386.0
1070	250880.0	4552.0
1071	100352.0	2213.0
1072	275968.0	4761.0
1073	100352.0	1428.0
1074	301056.0	4902.0
1075	100352.0	2244.0
1076	326144.0	4527.0
1077	100352.0	2123.0
1078	351232.0	6363.0
1079	100352.0	1433.0
1080	376320.0	5668.0
1081	100352.0	2098.0
1082	401408.0	6723.0
1083	50176.0	748.0
1084	25088.0	514.0
1085	56448.0	754.0
1086	25088.0	567.0
1087	62720.0	1663.0
1088	25088.0	569.0
1089	68992.0	1652.0
1090	25088.0	529.0
1091	75264.0	1784.0
1092	25088.0	542.0
1093	81536.0	1101.0
1094	25088.0	1284.0
1095	87808.0	1151.0
1096	25088.0	558.0
1097	94080.0	2087.0
1098	25088.0	602.0
1099	100352.0	1279.0
1100	25088.0	574.0
1101	106624.0	2854.0
1102	25088.0	587.0
1103	112896.0	2185.0
1104	25088.0	542.0
1105	119168.0	2267.0
1106	25088.0	521.0
1107	125440.0	1692.0
1108	25088.0	585.0
1109	131712.0	1671.0
1110	25088.0	566.0
1111	137984.0	3124.0
1112	25088.0	559.0
1113	144256.0	2483.0
1114	25088.0	544.0
1115	150528.0	2541.0
1116	25088.0	536.0
1117	156800.0	2608.0
1118	25088.0	526.0
1119	163072.0	3496.0
1120	25088.0	528.0
1121	169344.0	2887.0
1122	25088.0	535.0
1123	175616.0	3083.0
1124	25088.0	595.0
1125	181888.0	2922.0
1126	25088.0	527.0
1127	188160.0	3801.0
1128	25088.0	522.0
1129	194432.0	3044.0
1130	25088.0	580.0
1131	200704.0	3086.0
1132	25088.0	498.0
1133	6272.0	339.0
1134	26656.0	493.0
1135	6272.0	319.0
1136	28224.0	508.0
1137	6272.0	311.0
1138	29792.0	543.0
1139	6272.0	345.0
1140	31360.0	2131.0
1141	6272.0	324.0
1142	32928.0	584.0
1143	6272.0	312.0
1144	34496.0	573.0
1145	6272.0	328.0
1146	36064.0	608.0
1147	6272.0	347.0
1148	37632.0	1439.0
1149	6272.0	316.0
1150	39200.0	656.0
1151	6272.0	318.0
1152	40768.0	661.0
1153	6272.0	321.0
1154	42336.0	655.0
1155	6272.0	325.0
1156	43904.0	1411.0
1157	6272.0	324.0
1158	45472.0	711.0
1159	6272.0	325.0
1160	47040.0	742.0
1161	6272.0	292.0
1162	48608.0	752.0
1163	6272.0	315.0
1164	50176.0	1489.0
1165	200704.0	3171.0
1166	200704.0	3208.0
1167	401408.0	7400.0
1168	301056.0	5042.0
1169	401408.0	7188.0
1170	401408.0	6020.0
1171	401408.0	6904.0
1172	501760.0	8083.0
1173	401408.0	6292.0
1174	602112.0	9639.0
1175	401408.0	6919.0
1176	702464.0	10759.0
1177	401408.0	5947.0
1178	802816.0	12005.0
1179	100352.0	2131.0
1180	100352.0	1265.0
1181	125440.0	2309.0
1182	100352.0	1397.0
1183	150528.0	2734.0
1184	100352.0	2749.0
1185	175616.0	2841.0
1186	100352.0	1958.0
1187	200704.0	3175.0
1188	100352.0	2919.0
1189	225792.0	3324.0
1190	100352.0	1427.0
1191	250880.0	4242.0
1192	100352.0	2236.0
1193	275968.0	4959.0
1194	100352.0	1417.0
1195	301056.0	4662.0
1196	100352.0	2161.0
1197	326144.0	4420.0
1198	100352.0	2059.0
1199	351232.0	6118.0
1200	100352.0	1418.0
1201	376320.0	5750.0
1202	100352.0	2269.0
1203	401408.0	6582.0
1204	50176.0	761.0
1205	25088.0	533.0
1206	56448.0	824.0
1207	25088.0	527.0
1208	62720.0	1626.0
1209	25088.0	558.0
1210	68992.0	1850.0
1211	25088.0	562.0
1212	75264.0	1885.0
1213	25088.0	582.0
1214	81536.0	1056.0
1215	25088.0	1395.0
1216	87808.0	1105.0
1217	25088.0	497.0
1218	94080.0	2102.0
1219	25088.0	581.0
1220	100352.0	1306.0
1221	25088.0	557.0
1222	106624.0	2834.0
1223	25088.0	610.0
1224	112896.0	2178.0
1225	25088.0	555.0
1226	119168.0	2238.0
1227	25088.0	550.0
1228	125440.0	1479.0
1229	25088.0	516.0
1230	131712.0	1664.0
1231	25088.0	546.0
1232	137984.0	3016.0
1233	25088.0	531.0
1234	144256.0	2448.0
1235	25088.0	513.0
1236	150528.0	2760.0
1237	25088.0	563.0
1238	156800.0	2778.0
1239	25088.0	571.0
1240	163072.0	3620.0
1241	25088.0	563.0
1242	169344.0	2760.0
1243	25088.0	552.0
1244	175616.0	2910.0
1245	25088.0	564.0
1246	181888.0	2848.0
1247	25088.0	523.0
1248	188160.0	3847.0
1249	25088.0	608.0
1250	194432.0	2954.0
1251	25088.0	551.0
1252	200704.0	3110.0
1253	25088.0	476.0
1254	6272.0	311.0
1255	26656.0	508.0
1256	6272.0	313.0
1257	28224.0	527.0
1258	6272.0	305.0
1259	29792.0	473.0
1260	6272.0	290.0
1261	31360.0	2074.0
1262	6272.0	314.0
1263	32928.0	578.0
1264	6272.0	321.0
1265	34496.0	591.0
1266	6272.0	301.0
1267	36064.0	605.0
1268	6272.0	318.0
1269	37632.0	1421.0
1270	6272.0	324.0
1271	39200.0	620.0
1272	6272.0	319.0
1273	40768.0	648.0
1274	6272.0	317.0
1275	42336.0	648.0
1276	6272.0	312.0
1277	43904.0	1314.0
1278	6272.0	317.0
1279	45472.0	784.0
1280	6272.0	268.0
1281	47040.0	720.0
1282	6272.0	325.0
1283	48608.0	721.0
1284	6272.0	326.0
1285	50176.0	1445.0
1286	200704.0	3067.0
1287	200704.0	3147.0
1288	401408.0	6971.0
1289	301056.0	5005.0
1290	401408.0	6825.0
1291	401408.0	5716.0
1292	401408.0	6948.0
1293	501760.0	7912.0
1294	401408.0	5981.0
1295	602112.0	9623.0
1296	401408.0	7075.0
1297	702464.0	10552.0
1298	401408.0	5897.0
1299	802816.0	12300.0
1300	100352.0	2016.0
1301	100352.0	1314.0
1302	125440.0	2285.0
1303	100352.0	1318.0
1304	150528.0	2719.0
1305	100352.0	2758.0
1306	175616.0	2892.0
1307	100352.0	2044.0
1308	200704.0	3014.0
1309	100352.0	2918.0
1310	225792.0	3318.0
1311	100352.0	1443.0
1312	250880.0	4267.0
1313	100352.0	2160.0
1314	275968.0	4647.0
1315	100352.0	1355.0
1316	301056.0	4830.0
1317	100352.0	2203.0
1318	326144.0	4474.0
1319	100352.0	2142.0
1320	351232.0	5979.0
1321	100352.0	1436.0
1322	376320.0	5537.0
1323	100352.0	2128.0
1324	401408.0	6588.0
1325	50176.0	776.0
1326	25088.0	515.0
1327	56448.0	833.0
1328	25088.0	558.0
1329	62720.0	1577.0
1330	25088.0	545.0
1331	68992.0	1796.0
1332	25088.0	568.0
1333	75264.0	1784.0
1334	25088.0	569.0
1335	81536.0	1035.0
1336	25088.0	1318.0
1337	87808.0	1267.0
1338	25088.0	532.0
1339	94080.0	1980.0
1340	25088.0	586.0
1341	100352.0	1405.0
1342	25088.0	578.0
1343	106624.0	2891.0
1344	25088.0	569.0
1345	112896.0	2180.0
1346	25088.0	574.0
1347	119168.0	2169.0
1348	25088.0	554.0
1349	125440.0	1554.0
1350	25088.0	549.0
1351	131712.0	1602.0
1352	25088.0	515.0
1353	137984.0	3102.0
1354	25088.0	531.0
1355	144256.0	2438.0
1356	25088.0	557.0
1357	150528.0	2531.0
1358	25088.0	575.0
1359	156800.0	2621.0
1360	25088.0	601.0
1361	163072.0	3396.0
1362	25088.0	565.0
1363	169344.0	2735.0
1364	25088.0	528.0
1365	175616.0	2905.0
1366	25088.0	554.0
1367	181888.0	2805.0
1368	25088.0	550.0
1369	188160.0	3918.0
1370	25088.0	528.0
1371	194432.0	3041.0
1372	25088.0	549.0
1373	200704.0	3077.0
1374	25088.0	460.0
1375	6272.0	313.0
1376	26656.0	419.0
1377	6272.0	309.0
1378	28224.0	444.0
1379	6272.0	290.0
1380	29792.0	527.0
1381	6272.0	295.0
1382	31360.0	2153.0
1383	6272.0	322.0
1384	32928.0	556.0
1385	6272.0	254.0
1386	34496.0	508.0
1387	6272.0	291.0
1388	36064.0	540.0
1389	6272.0	307.0
1390	37632.0	1330.0
1391	6272.0	303.0
1392	39200.0	630.0
1393	6272.0	302.0
1394	40768.0	643.0
1395	6272.0	336.0
1396	42336.0	640.0
1397	6272.0	321.0
1398	43904.0	1466.0
1399	6272.0	324.0
1400	45472.0	727.0
1401	6272.0	326.0
1402	47040.0	722.0
1403	6272.0	320.0
1404	48608.0	764.0
1405	6272.0	295.0
1406	50176.0	1379.0
1407	200704.0	3104.0
1408	200704.0	3340.0
1409	401408.0	6650.0
1410	301056.0	4852.0
1411	401408.0	6974.0
1412	401408.0	5981.0
1413	401408.0	7017.0
1414	501760.0	8051.0
1415	401408.0	5888.0
1416	602112.0	10029.0
1417	401408.0	6903.0
1418	702464.0	10949.0
1419	401408.0	6058.0
1420	802816.0	12487.0
1421	100352.0	1994.0
1422	100352.0	1332.0
1423	125440.0	2326.0
1424	100352.0	1341.0
1425	150528.0	2446.0
1426	100352.0	3078.0
1427	175616.0	2813.0
1428	100352.0	1865.0
1429	200704.0	3201.0
1430	100352.0	3141.0
1431	225792.0	3251.0
1432	100352.0	1372.0
1433	250880.0	4269.0
1434	100352.0	2327.0
1435	275968.0	4579.0
1436	100352.0	1450.0
1437	301056.0	5235.0
1438	100352.0	2261.0
1439	326144.0	4552.0
1440	100352.0	2125.0
1441	351232.0	6299.0
1442	100352.0	1483.0
1443	376320.0	5661.0
1444	100352.0	2117.0
1445	401408.0	7032.0
1446	50176.0	864.0
1447	25088.0	564.0
1448	56448.0	795.0
1449	25088.0	526.0
1450	62720.0	1647.0
1451	25088.0	542.0
1452	68992.0	1689.0
1453	25088.0	464.0
1454	75264.0	1624.0
1455	25088.0	541.0
1456	81536.0	1022.0
1457	25088.0	1252.0
1458	87808.0	1090.0
1459	25088.0	606.0
1460	94080.0	2046.0
1461	25088.0	598.0
1462	100352.0	1285.0
1463	25088.0	547.0
1464	106624.0	2923.0
1465	25088.0	570.0
1466	112896.0	2127.0
1467	25088.0	558.0
1468	119168.0	2376.0
1469	25088.0	548.0
1470	125440.0	1602.0
1471	25088.0	564.0
1472	131712.0	1778.0
1473	25088.0	560.0
1474	137984.0	3241.0
1475	25088.0	522.0
1476	144256.0	2654.0
1477	25088.0	562.0
1478	150528.0	2619.0
1479	25088.0	535.0
1480	156800.0	2672.0
1481	25088.0	533.0
1482	163072.0	3711.0
1483	25088.0	498.0
1484	169344.0	3013.0
1485	25088.0	547.0
1486	175616.0	2843.0
1487	25088.0	532.0
1488	181888.0	2891.0
1489	25088.0	602.0
1490	188160.0	3892.0
1491	25088.0	580.0
1492	194432.0	3116.0
1493	25088.0	573.0
1494	200704.0	3303.0
1495	25088.0	500.0
1496	6272.0	336.0
1497	26656.0	470.0
1498	6272.0	336.0
1499	28224.0	500.0
1500	6272.0	299.0
1501	29792.0	526.0
1502	6272.0	307.0
1503	31360.0	2194.0
1504	6272.0	341.0
1505	32928.0	564.0
1506	6272.0	343.0
1507	34496.0	604.0
1508	6272.0	309.0
1509	36064.0	616.0
1510	6272.0	302.0
1511	37632.0	1457.0
1512	6272.0	317.0
1513	39200.0	641.0
1514	6272.0	298.0
1515	40768.0	566.0
1516	6272.0	322.0
1517	42336.0	707.0
1518	6272.0	330.0
1519	43904.0	1415.0
1520	6272.0	315.0
1521	45472.0	636.0
1522	6272.0	285.0
1523	47040.0	732.0
1524	6272.0	345.0
1525	48608.0	728.0
1526	6272.0	324.0
1527	50176.0	1594.0
1528	200704.0	3116.0
1529	200704.0	3291.0
1530	401408.0	7023.0
1531	301056.0	5186.0
1532	401408.0	7053.0
1533	401408.0	5973.0
1534	401408.0	6830.0
1535	501760.0	7957.0
1536	401408.0	5974.0
1537	602112.0	9318.0
1538	401408.0	6685.0
1539	702464.0	10510.0
1540	401408.0	5847.0
1541	802816.0	12087.0
1542	100352.0	2037.0
1543	100352.0	1418.0
1544	125440.0	2277.0
1545	100352.0	1312.0
1546	150528.0	2625.0
1547	100352.0	2809.0
1548	175616.0	2908.0
1549	100352.0	2013.0
1550	200704.0	2962.0
1551	100352.0	2937.0
1552	225792.0	3422.0
1553	100352.0	1391.0
1554	250880.0	4250.0
1555	100352.0	2160.0
1556	275968.0	4398.0
1557	100352.0	1402.0
1558	301056.0	4690.0
1559	100352.0	2189.0
1560	326144.0	4461.0
1561	100352.0	2042.0
1562	351232.0	5945.0
1563	100352.0	1401.0
1564	376320.0	5418.0
1565	100352.0	2106.0
1566	401408.0	6739.0
1567	50176.0	753.0
1568	25088.0	531.0
1569	56448.0	823.0
1570	25088.0	589.0
1571	62720.0	1534.0
1572	25088.0	494.0
1573	68992.0	1811.0
1574	25088.0	563.0
1575	75264.0	1699.0
1576	25088.0	623.0
1577	81536.0	1152.0
1578	25088.0	1253.0
1579	87808.0	1187.0
1580	25088.0	579.0
1581	94080.0	2012.0
1582	25088.0	573.0
1583	100352.0	1343.0
1584	25088.0	493.0
1585	106624.0	2704.0
1586	25088.0	528.0
1587	112896.0	2067.0
1588	25088.0	540.0
1589	119168.0	2203.0
1590	25088.0	538.0
1591	125440.0	1551.0
1592	25088.0	502.0
1593	131712.0	1624.0
1594	25088.0	551.0
1595	137984.0	3068.0
1596	25088.0	482.0
1597	144256.0	2385.0
1598	25088.0	503.0
1599	150528.0	2654.0
1600	25088.0	550.0
1601	156800.0	2654.0
1602	25088.0	582.0
1603	163072.0	3322.0
1604	25088.0	488.0
1605	169344.0	2822.0
1606	25088.0	562.0
1607	175616.0	3013.0
1608	25088.0	575.0
1609	181888.0	2805.0
1610	25088.0	555.0
1611	188160.0	3705.0
1612	25088.0	571.0
1613	194432.0	2978.0
1614	25088.0	560.0
1615	200704.0	3038.0
1616	25088.0	456.0
1617	6272.0	332.0
1618	26656.0	498.0
1619	6272.0	310.0
1620	28224.0	501.0
1621	6272.0	312.0
1622	29792.0	549.0
1623	6272.0	328.0
1624	31360.0	1973.0
1625	6272.0	319.0
1626	32928.0	563.0
1627	6272.0	320.0
1628	34496.0	580.0
1629	6272.0	306.0
1630	36064.0	598.0
1631	6272.0	307.0
1632	37632.0	1396.0
1633	6272.0	315.0
1634	39200.0	656.0
1635	6272.0	324.0
1636	40768.0	677.0
1637	6272.0	314.0
1638	42336.0	638.0
1639	6272.0	309.0
1640	43904.0	1411.0
1641	6272.0	329.0
1642	45472.0	718.0
1643	6272.0	309.0
1644	47040.0	692.0
1645	6272.0	314.0
1646	48608.0	715.0
1647	6272.0	320.0
1648	50176.0	1473.0
1649	200704.0	3138.0
1650	200704.0	3255.0
1651	401408.0	6793.0
1652	301056.0	4995.0
1653	401408.0	7129.0
1654	401408.0	5864.0
1655	401408.0	7361.0
1656	501760.0	7674.0
1657	401408.0	5891.0
1658	602112.0	9309.0
1659	401408.0	6921.0
1660	702464.0	10434.0
1661	401408.0	6284.0
1662	802816.0	12200.0
1663	100352.0	2160.0
1664	100352.0	1335.0
1665	125440.0	2326.0
1666	100352.0	1429.0
1667	150528.0	2554.0
1668	100352.0	2826.0
1669	175616.0	3168.0
1670	100352.0	2046.0
1671	200704.0	3260.0
1672	100352.0	3034.0
1673	225792.0	3540.0
1674	100352.0	1504.0
1675	250880.0	4492.0
1676	100352.0	2204.0
1677	275968.0	4719.0
1678	100352.0	1472.0
1679	301056.0	4850.0
1680	100352.0	2396.0
1681	326144.0	4563.0
1682	100352.0	2140.0
1683	351232.0	6290.0
1684	100352.0	1461.0
1685	376320.0	5730.0
1686	100352.0	2083.0
1687	401408.0	6720.0
1688	50176.0	858.0
1689	25088.0	537.0
1690	56448.0	921.0
1691	25088.0	545.0
1692	62720.0	1729.0
1693	25088.0	550.0
1694	68992.0	1863.0
1695	25088.0	534.0
1696	75264.0	1808.0
1697	25088.0	517.0
1698	81536.0	993.0
1699	25088.0	1357.0
1700	87808.0	1176.0
1701	25088.0	555.0
1702	94080.0	2089.0
1703	25088.0	522.0
1704	100352.0	1416.0
1705	25088.0	583.0
1706	106624.0	3032.0
1707	25088.0	627.0
1708	112896.0	2182.0
1709	25088.0	649.0
1710	119168.0	2452.0
1711	25088.0	549.0
1712	125440.0	1662.0
1713	25088.0	512.0
1714	131712.0	1651.0
1715	25088.0	544.0
1716	137984.0	3231.0
1717	25088.0	559.0
1718	144256.0	2565.0
1719	25088.0	545.0
1720	150528.0	2637.0
1721	25088.0	554.0
1722	156800.0	2662.0
1723	25088.0	500.0
1724	163072.0	3593.0
1725	25088.0	533.0
1726	169344.0	2892.0
1727	25088.0	586.0
1728	175616.0	2961.0
1729	25088.0	582.0
1730	181888.0	2990.0
1731	25088.0	602.0
1732	188160.0	3879.0
1733	25088.0	565.0
1734	194432.0	3068.0
1735	25088.0	517.0
1736	200704.0	3084.0
1737	25088.0	448.0
1738	6272.0	336.0
1739	26656.0	432.0
1740	6272.0	316.0
1741	28224.0	468.0
1742	6272.0	350.0
1743	29792.0	527.0
1744	6272.0	254.0
1745	31360.0	2181.0
1746	6272.0	261.0
1747	32928.0	519.0
1748	6272.0	267.0
1749	34496.0	520.0
1750	6272.0	283.0
1751	36064.0	597.0
1752	6272.0	299.0
1753	37632.0	1489.0
1754	6272.0	321.0
1755	39200.0	653.0
1756	6272.0	311.0
1757	40768.0	662.0
1758	6272.0	322.0
1759	42336.0	679.0
1760	6272.0	315.0
1761	43904.0	1561.0
1762	6272.0	321.0
1763	45472.0	715.0
1764	6272.0	341.0
1765	47040.0	723.0
1766	6272.0	321.0
1767	48608.0	714.0
1768	6272.0	331.0
1769	50176.0	1519.0
1770	200704.0	3148.0
1771	50176.0	1549.0
1772	200704.0	3212.0
1773	200704.0	3259.0
1774	50176.0	835.0
1775	200704.0	4006.0
1776	200704.0	3245.0
1777	23328.0	500.0
1778	93312.0	1302.0
1779	93312.0	2113.0
1780	23328.0	468.0
1781	93312.0	1186.0
1782	93312.0	3171.0
1783	8112.0	1052.0
1784	32448.0	649.0
1785	32448.0	650.0
1786	8112.0	301.0
1787	32448.0	618.0
1788	32448.0	618.0
1789	10816.0	338.0
1790	43264.0	1856.0
1791	43264.0	802.0
1792	10816.0	308.0
1793	43264.0	783.0
1794	43264.0	710.0
1795	169000.0	4153.0
1796	200704.0	3318.0
1797	50176.0	1553.0
1798	200704.0	3233.0
1799	200704.0	3302.0
1800	50176.0	960.0
1801	200704.0	4018.0
1802	200704.0	3504.0
1803	23328.0	477.0
1804	93312.0	1260.0
1805	93312.0	1992.0
1806	23328.0	581.0
1807	93312.0	1276.0
1808	93312.0	2825.0
1809	8112.0	1085.0
1810	32448.0	651.0
1811	32448.0	647.0
1812	8112.0	326.0
1813	32448.0	646.0
1814	32448.0	646.0
1815	10816.0	363.0
1816	43264.0	1636.0
1817	43264.0	797.0
1818	10816.0	356.0
1819	43264.0	777.0
1820	43264.0	826.0
1821	169000.0	3778.0
1822	200704.0	3073.0
1823	50176.0	1491.0
1824	200704.0	3139.0
1825	200704.0	3238.0
1826	50176.0	835.0
1827	200704.0	3961.0
1828	200704.0	3378.0
1829	23328.0	463.0
1830	93312.0	1271.0
1831	93312.0	2257.0
1832	23328.0	446.0
1833	93312.0	1282.0
1834	93312.0	2733.0
1835	8112.0	1013.0
1836	32448.0	616.0
1837	32448.0	623.0
1838	8112.0	283.0
1839	32448.0	642.0
1840	32448.0	590.0
1841	10816.0	342.0
1842	43264.0	1640.0
1843	43264.0	810.0
1844	10816.0	364.0
1845	43264.0	758.0
1846	43264.0	878.0
1847	169000.0	4011.0
1848	200704.0	3055.0
1849	50176.0	1539.0
1850	200704.0	3133.0
1851	200704.0	3149.0
1852	50176.0	847.0
1853	200704.0	3820.0
1854	200704.0	3064.0
1855	23328.0	436.0
1856	93312.0	1259.0
1857	93312.0	1893.0
1858	23328.0	464.0
1859	93312.0	1274.0
1860	93312.0	2689.0
1861	8112.0	1028.0
1862	32448.0	646.0
1863	32448.0	644.0
1864	8112.0	299.0
1865	32448.0	665.0
1866	32448.0	612.0
1867	10816.0	352.0
1868	43264.0	1565.0
1869	43264.0	803.0
1870	10816.0	302.0
1871	43264.0	712.0
1872	43264.0	691.0
1873	169000.0	3783.0
1874	200704.0	3212.0
1875	50176.0	1569.0
1876	200704.0	3218.0
1877	200704.0	3157.0
1878	50176.0	877.0
1879	200704.0	4007.0
1880	200704.0	3198.0
1881	23328.0	459.0
1882	93312.0	1244.0
1883	93312.0	1952.0
1884	23328.0	524.0
1885	93312.0	1275.0
1886	93312.0	2795.0
1887	8112.0	952.0
1888	32448.0	654.0
1889	32448.0	651.0
1890	8112.0	295.0
1891	32448.0	630.0
1892	32448.0	658.0
1893	10816.0	352.0
1894	43264.0	1484.0
1895	43264.0	711.0
1896	10816.0	355.0
1897	43264.0	745.0
1898	43264.0	818.0
1899	169000.0	3688.0
1900	200704.0	3018.0
1901	50176.0	1540.0
1902	200704.0	3375.0
1903	200704.0	3333.0
1904	50176.0	820.0
1905	200704.0	4011.0
1906	200704.0	3201.0
1907	23328.0	474.0
1908	93312.0	1305.0
1909	93312.0	2007.0
1910	23328.0	507.0
1911	93312.0	1271.0
1912	93312.0	2753.0
1913	8112.0	1178.0
1914	32448.0	607.0
1915	32448.0	623.0
1916	8112.0	298.0
1917	32448.0	637.0
1918	32448.0	641.0
1919	10816.0	320.0
1920	43264.0	1715.0
1921	43264.0	789.0
1922	10816.0	334.0
1923	43264.0	735.0
1924	43264.0	757.0
1925	169000.0	3706.0
1926	200704.0	3211.0
1927	50176.0	1432.0
1928	200704.0	3434.0
1929	200704.0	3358.0
1930	50176.0	853.0
1931	200704.0	4242.0
1932	200704.0	3146.0
1933	23328.0	475.0
1934	93312.0	1401.0
1935	93312.0	1992.0
1936	23328.0	536.0
1937	93312.0	1229.0
1938	93312.0	3199.0
1939	8112.0	1089.0
1940	32448.0	634.0
1941	32448.0	625.0
1942	8112.0	311.0
1943	32448.0	636.0
1944	32448.0	620.0
1945	10816.0	359.0
1946	43264.0	1549.0
1947	43264.0	784.0
1948	10816.0	347.0
1949	43264.0	730.0
1950	43264.0	743.0
1951	169000.0	3641.0
1952	200704.0	3222.0
1953	50176.0	1456.0
1954	200704.0	3208.0
1955	200704.0	3282.0
1956	50176.0	762.0
1957	200704.0	3841.0
1958	200704.0	3201.0
1959	23328.0	444.0
1960	93312.0	1335.0
1961	93312.0	1984.0
1962	23328.0	516.0
1963	93312.0	1267.0
1964	93312.0	2679.0
1965	8112.0	995.0
1966	32448.0	605.0
1967	32448.0	623.0
1968	8112.0	303.0
1969	32448.0	612.0
1970	32448.0	544.0
1971	10816.0	347.0
1972	43264.0	1557.0
1973	43264.0	759.0
1974	10816.0	356.0
1975	43264.0	741.0
1976	43264.0	790.0
1977	169000.0	3594.0
1978	200704.0	3200.0
1979	50176.0	1548.0
1980	200704.0	3206.0
1981	200704.0	3224.0
1982	50176.0	839.0
1983	200704.0	3858.0
1984	200704.0	3106.0
1985	23328.0	471.0
1986	93312.0	1479.0
1987	93312.0	1880.0
1988	23328.0	512.0
1989	93312.0	1271.0
1990	93312.0	2704.0
1991	8112.0	985.0
1992	32448.0	633.0
1993	32448.0	607.0
1994	8112.0	299.0
1995	32448.0	626.0
1996	32448.0	615.0
1997	10816.0	349.0
1998	43264.0	1478.0
1999	43264.0	728.0
2000	10816.0	338.0
2001	43264.0	741.0
2002	43264.0	784.0
2003	169000.0	3628.0
2004	200704.0	3051.0
2005	50176.0	1623.0
2006	200704.0	3299.0
2007	200704.0	3235.0
2008	50176.0	831.0
2009	200704.0	3949.0
2010	200704.0	3176.0
2011	23328.0	417.0
2012	93312.0	1253.0
2013	93312.0	2048.0
2014	23328.0	517.0
2015	93312.0	1224.0
2016	93312.0	2821.0
2017	8112.0	990.0
2018	32448.0	621.0
2019	32448.0	623.0
2020	8112.0	258.0
2021	32448.0	636.0
2022	32448.0	634.0
2023	10816.0	355.0
2024	43264.0	1529.0
2025	43264.0	767.0
2026	10816.0	361.0
2027	43264.0	739.0
2028	43264.0	778.0
2029	169000.0	3787.0
2030	802816.0	13086.0
2031	774400.0	13584.0
2032	193600.0	3472.0
2033	774400.0	11613.0
2034	719104.0	13290.0
2035	179776.0	2934.0
2036	179776.0	3062.0
2037	35344.0	915.0
2038	565504.0	9193.0
2039	28224.0	1083.0
2040	1024.0	1048.0
2041	802816.0	12763.0
2042	774400.0	12904.0
2043	193600.0	3513.0
2044	774400.0	11797.0
2045	719104.0	12884.0
2046	179776.0	3224.0
2047	179776.0	3043.0
2048	35344.0	978.0
2049	565504.0	8945.0
2050	28224.0	1114.0
2051	1024.0	1001.0
2052	802816.0	12252.0
2053	774400.0	13313.0
2054	193600.0	3441.0
2055	774400.0	11464.0
2056	719104.0	12627.0
2057	179776.0	3120.0
2058	179776.0	2950.0
2059	35344.0	1059.0
2060	565504.0	9265.0
2061	28224.0	1255.0
2062	1024.0	994.0
2063	802816.0	12627.0
2064	774400.0	12865.0
2065	193600.0	3475.0
2066	774400.0	11354.0
2067	719104.0	13460.0
2068	179776.0	2865.0
2069	179776.0	2842.0
2070	35344.0	953.0
2071	565504.0	9195.0
2072	28224.0	1105.0
2073	1024.0	1026.0
2074	802816.0	12534.0
2075	774400.0	13072.0
2076	193600.0	3400.0
2077	774400.0	11819.0
2078	719104.0	12832.0
2079	179776.0	3151.0
2080	179776.0	2929.0
2081	35344.0	944.0
2082	565504.0	9471.0
2083	28224.0	1071.0
2084	1024.0	1013.0
2085	802816.0	12675.0
2086	774400.0	13499.0
2087	193600.0	3414.0
2088	774400.0	12174.0
2089	719104.0	12818.0
2090	179776.0	3070.0
2091	179776.0	3027.0
2092	35344.0	999.0
2093	565504.0	9482.0
2094	28224.0	1251.0
2095	1024.0	1211.0
2096	802816.0	12729.0
2097	774400.0	13104.0
2098	193600.0	3714.0
2099	774400.0	11855.0
2100	719104.0	12806.0
2101	179776.0	3015.0
2102	179776.0	2981.0
2103	35344.0	975.0
2104	565504.0	9368.0
2105	28224.0	1270.0
2106	1024.0	1160.0
2107	802816.0	12665.0
2108	774400.0	12895.0
2109	193600.0	3523.0
2110	774400.0	11578.0
2111	719104.0	12935.0
2112	179776.0	2913.0
2113	179776.0	3138.0
2114	35344.0	967.0
2115	565504.0	9143.0
2116	28224.0	1121.0
2117	1024.0	1062.0
2118	802816.0	12574.0
2119	774400.0	13257.0
2120	193600.0	3695.0
2121	774400.0	11894.0
2122	719104.0	12970.0
2123	179776.0	3172.0
2124	179776.0	3186.0
2125	35344.0	1009.0
2126	565504.0	9626.0
2127	28224.0	1104.0
2128	1024.0	1046.0
2129	802816.0	12942.0
2130	774400.0	13680.0
2131	193600.0	3602.0
2132	774400.0	11820.0
2133	719104.0	13412.0
2134	179776.0	3158.0
2135	179776.0	3159.0
2136	35344.0	988.0
2137	565504.0	9438.0
2138	28224.0	1162.0
2139	1024.0	1008.0
2140	190096.0	2583.0
2141	760384.0	12905.0
2142	48400.0	1590.0
2143	25088.0	403.0
2144	9216.0	313.0
2145	82944.0	1236.0
2146	4608.0	417.0
2147	576.0	116.0
2148	4608.0	422.0
2149	256.0	162.0
2150	1024.0	175.0
2151	190096.0	2453.0
2152	760384.0	12578.0
2153	48400.0	1495.0
2154	25088.0	446.0
2155	9216.0	299.0
2156	82944.0	1214.0
2157	4608.0	425.0
2158	576.0	112.0
2159	4608.0	422.0
2160	256.0	159.0
2161	1024.0	169.0
2162	190096.0	2497.0
2163	760384.0	13340.0
2164	48400.0	1606.0
2165	25088.0	483.0
2166	9216.0	314.0
2167	82944.0	1251.0
2168	4608.0	414.0
2169	576.0	120.0
2170	4608.0	440.0
2171	256.0	160.0
2172	1024.0	174.0
2173	190096.0	2621.0
2174	760384.0	12839.0
2175	48400.0	1490.0
2176	25088.0	492.0
2177	9216.0	286.0
2178	82944.0	1240.0
2179	4608.0	411.0
2180	576.0	118.0
2181	4608.0	414.0
2182	256.0	161.0
2183	1024.0	174.0
2184	190096.0	2619.0
2185	760384.0	12668.0
2186	48400.0	1595.0
2187	25088.0	465.0
2188	9216.0	300.0
2189	82944.0	1226.0
2190	4608.0	425.0
2191	576.0	122.0
2192	4608.0	442.0
2193	256.0	164.0
2194	1024.0	166.0
2195	190096.0	2540.0
2196	760384.0	12791.0
2197	48400.0	1607.0
2198	25088.0	473.0
2199	9216.0	303.0
2200	82944.0	1220.0
2201	4608.0	420.0
2202	576.0	121.0
2203	4608.0	429.0
2204	256.0	160.0
2205	1024.0	175.0
2206	190096.0	2561.0
2207	760384.0	12956.0
2208	48400.0	1522.0
2209	25088.0	480.0
2210	9216.0	307.0
2211	82944.0	1217.0
2212	4608.0	424.0
2213	576.0	122.0
2214	4608.0	422.0
2215	256.0	156.0
2216	1024.0	184.0
2217	190096.0	2474.0
2218	760384.0	12824.0
2219	48400.0	1658.0
2220	25088.0	481.0
2221	9216.0	318.0
2222	82944.0	1225.0
2223	4608.0	424.0
2224	576.0	115.0
2225	4608.0	428.0
2226	256.0	164.0
2227	1024.0	183.0
2228	190096.0	2551.0
2229	760384.0	12979.0
2230	48400.0	1594.0
2231	25088.0	503.0
2232	9216.0	306.0
2233	82944.0	1243.0
2234	4608.0	419.0
2235	576.0	121.0
2236	4608.0	439.0
2237	256.0	158.0
2238	1024.0	173.0
2239	190096.0	2541.0
2240	760384.0	13210.0
2241	48400.0	1558.0
2242	25088.0	439.0
2243	9216.0	296.0
2244	82944.0	1174.0
2245	4608.0	411.0
2246	576.0	116.0
2247	4608.0	433.0
2248	256.0	158.0
2249	1024.0	169.0
2250	802816.0	12555.0
2251	200704.0	3328.0
2252	200704.0	3202.0
2253	43264.0	782.0
2254	43264.0	731.0
2255	346112.0	6195.0
2256	102400.0	4472.0
2257	51200.0	1622.0
2258	12544.0	529.0
2259	50176.0	1400.0
2260	1024.0	6402.0
2261	802816.0	12444.0
2262	200704.0	3516.0
2263	200704.0	3138.0
2264	43264.0	842.0
2265	43264.0	733.0
2266	346112.0	6019.0
2267	102400.0	4413.0
2268	51200.0	1675.0
2269	12544.0	513.0
2270	50176.0	1376.0
2271	1024.0	6495.0
2272	802816.0	13402.0
2273	200704.0	3694.0
2274	200704.0	3263.0
2275	43264.0	831.0
2276	43264.0	704.0
2277	346112.0	6177.0
2278	102400.0	4338.0
2279	51200.0	1768.0
2280	12544.0	520.0
2281	50176.0	1345.0
2282	1024.0	6817.0
2283	802816.0	13383.0
2284	200704.0	3526.0
2285	200704.0	3309.0
2286	43264.0	868.0
2287	43264.0	740.0
2288	346112.0	6303.0
2289	102400.0	4431.0
2290	51200.0	1697.0
2291	12544.0	466.0
2292	50176.0	1348.0
2293	1024.0	6503.0
2294	802816.0	12862.0
2295	200704.0	3361.0
2296	200704.0	3221.0
2297	43264.0	854.0
2298	43264.0	711.0
2299	346112.0	6289.0
2300	102400.0	4986.0
2301	51200.0	1640.0
2302	12544.0	527.0
2303	50176.0	1397.0
2304	1024.0	6576.0
2305	802816.0	12574.0
2306	200704.0	3536.0
2307	200704.0	3349.0
2308	43264.0	839.0
2309	43264.0	839.0
2310	346112.0	6156.0
2311	102400.0	4380.0
2312	51200.0	1590.0
2313	12544.0	492.0
2314	50176.0	1809.0
2315	1024.0	6745.0
2316	802816.0	12673.0
2317	200704.0	3528.0
2318	200704.0	3245.0
2319	43264.0	793.0
2320	43264.0	721.0
2321	346112.0	6583.0
2322	102400.0	4244.0
2323	51200.0	1738.0
2324	12544.0	527.0
2325	50176.0	1407.0
2326	1024.0	6483.0
2327	802816.0	12965.0
2328	200704.0	3531.0
2329	200704.0	3177.0
2330	43264.0	910.0
2331	43264.0	722.0
2332	346112.0	6010.0
2333	102400.0	4206.0
2334	51200.0	1756.0
2335	12544.0	531.0
2336	50176.0	1407.0
2337	1024.0	7510.0
2338	802816.0	12315.0
2339	200704.0	3466.0
2340	200704.0	3307.0
2341	43264.0	856.0
2342	43264.0	728.0
2343	346112.0	5987.0
2344	102400.0	4346.0
2345	51200.0	1658.0
2346	12544.0	529.0
2347	50176.0	1407.0
2348	1024.0	6466.0
2349	802816.0	12757.0
2350	200704.0	3314.0
2351	200704.0	3227.0
2352	43264.0	855.0
2353	43264.0	728.0
2354	346112.0	6132.0
2355	102400.0	4260.0
2356	51200.0	1656.0
2357	12544.0	517.0
2358	50176.0	1410.0
2359	1024.0	6504.0
2360	788544.0	12599.0
2361	197136.0	3470.0
2362	50176.0	933.0
2363	200704.0	3252.0
2364	160000.0	3164.0
2365	640000.0	10920.0
2366	160000.0	11801.0
2367	86528.0	1343.0
2368	1296.0	277.0
2369	2048.0	359.0
2370	1024.0	537.0
2371	788544.0	12462.0
2372	197136.0	3508.0
2373	50176.0	925.0
2374	200704.0	3240.0
2375	160000.0	3303.0
2376	640000.0	10999.0
2377	160000.0	11617.0
2378	86528.0	1310.0
2379	1296.0	293.0
2380	2048.0	315.0
2381	1024.0	356.0
2382	788544.0	12499.0
2383	197136.0	3262.0
2384	50176.0	933.0
2385	200704.0	3059.0
2386	160000.0	3065.0
2387	640000.0	10990.0
2388	160000.0	11514.0
2389	86528.0	1323.0
2390	1296.0	259.0
2391	2048.0	342.0
2392	1024.0	419.0
2393	788544.0	12353.0
2394	197136.0	3548.0
2395	50176.0	891.0
2396	200704.0	3222.0
2397	160000.0	3001.0
2398	640000.0	10841.0
2399	160000.0	11382.0
2400	86528.0	1233.0
2401	1296.0	263.0
2402	2048.0	331.0
2403	1024.0	428.0
2404	788544.0	12167.0
2405	197136.0	3364.0
2406	50176.0	898.0
2407	200704.0	3151.0
2408	160000.0	3188.0
2409	640000.0	11631.0
2410	160000.0	11590.0
2411	86528.0	1237.0
2412	1296.0	275.0
2413	2048.0	348.0
2414	1024.0	549.0
2415	788544.0	12546.0
2416	197136.0	3733.0
2417	50176.0	885.0
2418	200704.0	3166.0
2419	160000.0	3157.0
2420	640000.0	10971.0
2421	160000.0	11175.0
2422	86528.0	1261.0
2423	1296.0	277.0
2424	2048.0	297.0
2425	1024.0	400.0
2426	788544.0	12416.0
2427	197136.0	3468.0
2428	50176.0	837.0
2429	200704.0	3209.0
2430	160000.0	3174.0
2431	640000.0	11241.0
2432	160000.0	11409.0
2433	86528.0	1198.0
2434	1296.0	268.0
2435	2048.0	299.0
2436	1024.0	369.0
2437	788544.0	12187.0
2438	197136.0	3363.0
2439	50176.0	862.0
2440	200704.0	3301.0
2441	160000.0	3201.0
2442	640000.0	11459.0
2443	160000.0	11445.0
2444	86528.0	1262.0
2445	1296.0	283.0
2446	2048.0	312.0
2447	1024.0	391.0
2448	788544.0	12355.0
2449	197136.0	3565.0
2450	50176.0	859.0
2451	200704.0	3349.0
2452	160000.0	3214.0
2453	640000.0	11141.0
2454	160000.0	11508.0
2455	86528.0	1241.0
2456	1296.0	254.0
2457	2048.0	335.0
2458	1024.0	509.0
2459	788544.0	12733.0
2460	197136.0	3460.0
2461	50176.0	927.0
2462	200704.0	3273.0
2463	160000.0	3153.0
2464	640000.0	11047.0
2465	160000.0	11476.0
2466	86528.0	1422.0
2467	1296.0	264.0
2468	2048.0	350.0
2469	1024.0	386.0
2470	200704.0	3601.0
2471	100352.0	1498.0
2472	802816.0	12508.0
2473	802816.0	12861.0
2474	25088.0	573.0
2475	346112.0	5377.0
2476	173056.0	4059.0
2477	86528.0	4791.0
2478	1296.0	265.0
2479	4608.0	399.0
2480	1024.0	417.0
2481	200704.0	3413.0
2482	100352.0	1528.0
2483	802816.0	12127.0
2484	802816.0	12937.0
2485	25088.0	557.0
2486	346112.0	5476.0
2487	173056.0	3835.0
2488	86528.0	4963.0
2489	1296.0	274.0
2490	4608.0	406.0
2491	1024.0	479.0
2492	200704.0	3398.0
2493	100352.0	1593.0
2494	802816.0	12520.0
2495	802816.0	12248.0
2496	25088.0	527.0
2497	346112.0	5292.0
2498	173056.0	3808.0
2499	86528.0	4931.0
2500	1296.0	292.0
2501	4608.0	429.0
2502	1024.0	489.0
2503	200704.0	3419.0
2504	100352.0	1658.0
2505	802816.0	12234.0
2506	802816.0	12868.0
2507	25088.0	522.0
2508	346112.0	5861.0
2509	173056.0	3904.0
2510	86528.0	4817.0
2511	1296.0	297.0
2512	4608.0	408.0
2513	1024.0	618.0
2514	200704.0	3334.0
2515	100352.0	1662.0
2516	802816.0	12521.0
2517	802816.0	12367.0
2518	25088.0	550.0
2519	346112.0	5511.0
2520	173056.0	3811.0
2521	86528.0	4847.0
2522	1296.0	284.0
2523	4608.0	424.0
2524	1024.0	409.0
2525	200704.0	3406.0
2526	100352.0	1620.0
2527	802816.0	12191.0
2528	802816.0	12609.0
2529	25088.0	518.0
2530	346112.0	5267.0
2531	173056.0	3825.0
2532	86528.0	4787.0
2533	1296.0	269.0
2534	4608.0	412.0
2535	1024.0	466.0
2536	200704.0	3419.0
2537	100352.0	1603.0
2538	802816.0	12629.0
2539	802816.0	12575.0
2540	25088.0	561.0
2541	346112.0	5506.0
2542	173056.0	3897.0
2543	86528.0	4845.0
2544	1296.0	270.0
2545	4608.0	426.0
2546	1024.0	476.0
2547	200704.0	3302.0
2548	100352.0	1634.0
2549	802816.0	12063.0
2550	802816.0	12974.0
2551	25088.0	553.0
2552	346112.0	5557.0
2553	173056.0	4035.0
2554	86528.0	4905.0
2555	1296.0	276.0
2556	4608.0	373.0
2557	1024.0	420.0
2558	200704.0	3501.0
2559	100352.0	1531.0
2560	802816.0	12364.0
2561	802816.0	12621.0
2562	25088.0	516.0
2563	346112.0	5439.0
2564	173056.0	3903.0
2565	86528.0	4762.0
2566	1296.0	252.0
2567	4608.0	399.0
2568	1024.0	437.0
2569	200704.0	3295.0
2570	100352.0	1748.0
2571	802816.0	12430.0
2572	802816.0	12240.0
2573	25088.0	529.0
2574	346112.0	5394.0
2575	173056.0	3848.0
2576	86528.0	4712.0
2577	1296.0	285.0
2578	4608.0	411.0
2579	1024.0	457.0
2580	774400.0	11557.0
2581	732736.0	12122.0
2582	692224.0	12254.0
2583	692224.0	10387.0
2584	692224.0	11615.0
2585	173056.0	2897.0
2586	160000.0	2971.0
2587	640000.0	10254.0
2588	640000.0	12434.0
2589	40000.0	1132.0
2590	1024.0	1237.0
2591	774400.0	11536.0
2592	732736.0	11986.0
2593	692224.0	12516.0
2594	692224.0	10320.0
2595	692224.0	11839.0
2596	173056.0	2927.0
2597	160000.0	3033.0
2598	640000.0	10200.0
2599	640000.0	12356.0
2600	40000.0	1083.0
2601	1024.0	1168.0
2602	774400.0	11505.0
2603	732736.0	12076.0
2604	692224.0	12527.0
2605	692224.0	10681.0
2606	692224.0	11455.0
2607	173056.0	2833.0
2608	160000.0	2812.0
2609	640000.0	9974.0
2610	640000.0	12325.0
2611	40000.0	1105.0
2612	1024.0	1176.0
2613	774400.0	11403.0
2614	732736.0	11898.0
2615	692224.0	12583.0
2616	692224.0	10766.0
2617	692224.0	11358.0
2618	173056.0	2926.0
2619	160000.0	2944.0
2620	640000.0	9912.0
2621	640000.0	12583.0
2622	40000.0	1052.0
2623	1024.0	1148.0
2624	774400.0	11565.0
2625	732736.0	12098.0
2626	692224.0	12959.0
2627	692224.0	10461.0
2628	692224.0	11884.0
2629	173056.0	2941.0
2630	160000.0	3190.0
2631	640000.0	10147.0
2632	640000.0	12336.0
2633	40000.0	1140.0
2634	1024.0	1266.0
2635	774400.0	11510.0
2636	732736.0	12158.0
2637	692224.0	12604.0
2638	692224.0	10354.0
2639	692224.0	11702.0
2640	173056.0	3230.0
2641	160000.0	2823.0
2642	640000.0	10363.0
2643	640000.0	13122.0
2644	40000.0	1084.0
2645	1024.0	1294.0
2646	774400.0	11515.0
2647	732736.0	12579.0
2648	692224.0	12650.0
2649	692224.0	11112.0
2650	692224.0	11911.0
2651	173056.0	2940.0
2652	160000.0	2940.0
2653	640000.0	10088.0
2654	640000.0	12555.0
2655	40000.0	1101.0
2656	1024.0	1331.0
2657	774400.0	12165.0
2658	732736.0	12534.0
2659	692224.0	12869.0
2660	692224.0	10863.0
2661	692224.0	12221.0
2662	173056.0	2983.0
2663	160000.0	3010.0
2664	640000.0	10271.0
2665	640000.0	12687.0
2666	40000.0	1094.0
2667	1024.0	1483.0
2668	774400.0	12164.0
2669	732736.0	12590.0
2670	692224.0	12631.0
2671	692224.0	10719.0
2672	692224.0	12272.0
2673	173056.0	2871.0
2674	160000.0	2966.0
2675	640000.0	10144.0
2676	640000.0	12795.0
2677	40000.0	1095.0
2678	1024.0	1233.0
2679	774400.0	11404.0
2680	732736.0	12136.0
2681	692224.0	12787.0
2682	692224.0	11109.0
2683	692224.0	12208.0
2684	173056.0	2847.0
2685	160000.0	2879.0
2686	640000.0	9927.0
2687	640000.0	12293.0
2688	40000.0	1024.0
2689	1024.0	1263.0
2690	197136.0	3284.0
2691	200704.0	3496.0
2692	50176.0	1411.0
2693	25088.0	433.0
2694	802816.0	12455.0
2695	5408.0	441.0
2696	86528.0	1335.0
2697	86528.0	5611.0
2698	173056.0	7236.0
2699	36864.0	2418.0
2700	1024.0	4542.0
2701	197136.0	3314.0
2702	200704.0	3404.0
2703	50176.0	1387.0
2704	25088.0	495.0
2705	802816.0	12975.0
2706	5408.0	436.0
2707	86528.0	1355.0
2708	86528.0	5372.0
2709	173056.0	7226.0
2710	36864.0	2496.0
2711	1024.0	4430.0
2712	197136.0	3376.0
2713	200704.0	3337.0
2714	50176.0	1362.0
2715	25088.0	507.0
2716	802816.0	12160.0
2717	5408.0	445.0
2718	86528.0	1237.0
2719	86528.0	5315.0
2720	173056.0	7050.0
2721	36864.0	2479.0
2722	1024.0	4515.0
2723	197136.0	3332.0
2724	200704.0	3453.0
2725	50176.0	1401.0
2726	25088.0	475.0
2727	802816.0	12235.0
2728	5408.0	430.0
2729	86528.0	1321.0
2730	86528.0	5443.0
2731	173056.0	7619.0
2732	36864.0	2471.0
2733	1024.0	4488.0
2734	197136.0	3419.0
2735	200704.0	3349.0
2736	50176.0	1454.0
2737	25088.0	481.0
2738	802816.0	12582.0
2739	5408.0	464.0
2740	86528.0	1334.0
2741	86528.0	5371.0
2742	173056.0	7251.0
2743	36864.0	2382.0
2744	1024.0	4512.0
2745	197136.0	3441.0
2746	200704.0	3206.0
2747	50176.0	1374.0
2748	25088.0	453.0
2749	802816.0	12492.0
2750	5408.0	463.0
2751	86528.0	1323.0
2752	86528.0	5319.0
2753	173056.0	7100.0
2754	36864.0	2424.0
2755	1024.0	4523.0
2756	197136.0	3310.0
2757	200704.0	3286.0
2758	50176.0	1481.0
2759	25088.0	483.0
2760	802816.0	12287.0
2761	5408.0	431.0
2762	86528.0	1323.0
2763	86528.0	5435.0
2764	173056.0	6936.0
2765	36864.0	2405.0
2766	1024.0	4505.0
2767	197136.0	3418.0
2768	200704.0	3255.0
2769	50176.0	1329.0
2770	25088.0	457.0
2771	802816.0	12272.0
2772	5408.0	437.0
2773	86528.0	1308.0
2774	86528.0	5274.0
2775	173056.0	7205.0
2776	36864.0	2402.0
2777	1024.0	4582.0
2778	197136.0	3306.0
2779	200704.0	3273.0
2780	50176.0	1413.0
2781	25088.0	463.0
2782	802816.0	12380.0
2783	5408.0	442.0
2784	86528.0	1319.0
2785	86528.0	5327.0
2786	173056.0	7138.0
2787	36864.0	2384.0
2788	1024.0	4537.0
2789	197136.0	3199.0
2790	200704.0	3307.0
2791	50176.0	1458.0
2792	25088.0	480.0
2793	802816.0	12203.0
2794	5408.0	446.0
2795	86528.0	1326.0
2796	86528.0	5414.0
2797	173056.0	7073.0
2798	36864.0	2291.0
2799	1024.0	4623.0
2800	802816.0	12426.0
2801	200704.0	3287.0
2802	44944.0	892.0
2803	282752.0	4475.0
2804	73728.0	1969.0
2805	18432.0	521.0
2806	4608.0	181.0
2807	9216.0	326.0
2808	147456.0	3865.0
2809	2304.0	224.0
2810	1024.0	326.0
2811	802816.0	12987.0
2812	200704.0	3263.0
2813	44944.0	806.0
2814	282752.0	4135.0
2815	73728.0	1997.0
2816	18432.0	495.0
2817	4608.0	203.0
2818	9216.0	325.0
2819	147456.0	3460.0
2820	2304.0	201.0
2821	1024.0	326.0
2822	802816.0	12603.0
2823	200704.0	3469.0
2824	44944.0	885.0
2825	282752.0	4310.0
2826	73728.0	1980.0
2827	18432.0	559.0
2828	4608.0	225.0
2829	9216.0	336.0
2830	147456.0	3649.0
2831	2304.0	230.0
2832	1024.0	312.0
2833	802816.0	13175.0
2834	200704.0	3140.0
2835	44944.0	874.0
2836	282752.0	4304.0
2837	73728.0	2045.0
2838	18432.0	557.0
2839	4608.0	230.0
2840	9216.0	325.0
2841	147456.0	3574.0
2842	2304.0	221.0
2843	1024.0	324.0
2844	802816.0	12728.0
2845	200704.0	3162.0
2846	44944.0	866.0
2847	282752.0	4187.0
2848	73728.0	2013.0
2849	18432.0	571.0
2850	4608.0	187.0
2851	9216.0	280.0
2852	147456.0	3681.0
2853	2304.0	203.0
2854	1024.0	307.0
2855	802816.0	12863.0
2856	200704.0	3387.0
2857	44944.0	847.0
2858	282752.0	4389.0
2859	73728.0	2027.0
2860	18432.0	538.0
2861	4608.0	225.0
2862	9216.0	335.0
2863	147456.0	3645.0
2864	2304.0	218.0
2865	1024.0	317.0
2866	802816.0	12630.0
2867	200704.0	3128.0
2868	44944.0	758.0
2869	282752.0	4278.0
2870	73728.0	1983.0
2871	18432.0	537.0
2872	4608.0	229.0
2873	9216.0	309.0
2874	147456.0	3801.0
2875	2304.0	216.0
2876	1024.0	273.0
2877	802816.0	12278.0
2878	200704.0	3119.0
2879	44944.0	858.0
2880	282752.0	4103.0
2881	73728.0	1955.0
2882	18432.0	524.0
2883	4608.0	183.0
2884	9216.0	268.0
2885	147456.0	3477.0
2886	2304.0	207.0
2887	1024.0	305.0
2888	802816.0	12679.0
2889	200704.0	3216.0
2890	44944.0	857.0
2891	282752.0	4229.0
2892	73728.0	1967.0
2893	18432.0	537.0
2894	4608.0	223.0
2895	9216.0	326.0
2896	147456.0	3564.0
2897	2304.0	223.0
2898	1024.0	337.0
2899	802816.0	12781.0
2900	200704.0	3168.0
2901	44944.0	892.0
2902	282752.0	4321.0
2903	73728.0	1970.0
2904	18432.0	520.0
2905	4608.0	222.0
2906	9216.0	323.0
2907	147456.0	3567.0
2908	2304.0	222.0
2909	1024.0	323.0
2910	200704.0	3430.0
2911	401408.0	6358.0
2912	96800.0	1461.0
2913	200704.0	3884.0
2914	18432.0	745.0
2915	61952.0	1168.0
2916	3872.0	1147.0
2917	7744.0	310.0
2918	18432.0	625.0
2919	9216.0	624.0
2920	1024.0	1365.0
2921	200704.0	3532.0
2922	401408.0	6639.0
2923	96800.0	1447.0
2924	200704.0	4089.0
2925	18432.0	747.0
2926	61952.0	1086.0
2927	3872.0	1456.0
2928	7744.0	321.0
2929	18432.0	657.0
2930	9216.0	644.0
2931	1024.0	2431.0
2932	200704.0	3593.0
2933	401408.0	6504.0
2934	96800.0	1486.0
2935	200704.0	4061.0
2936	18432.0	784.0
2937	61952.0	1037.0
2938	3872.0	1264.0
2939	7744.0	309.0
2940	18432.0	555.0
2941	9216.0	621.0
2942	1024.0	1383.0
2943	200704.0	3425.0
2944	401408.0	6446.0
2945	96800.0	1471.0
2946	200704.0	4253.0
2947	18432.0	723.0
2948	61952.0	1067.0
2949	3872.0	1237.0
2950	7744.0	299.0
2951	18432.0	629.0
2952	9216.0	618.0
2953	1024.0	1340.0
2954	200704.0	3561.0
2955	401408.0	6678.0
2956	96800.0	1460.0
2957	200704.0	3996.0
2958	18432.0	718.0
2959	61952.0	1049.0
2960	3872.0	1232.0
2961	7744.0	316.0
2962	18432.0	595.0
2963	9216.0	654.0
2964	1024.0	1380.0
2965	200704.0	3470.0
2966	401408.0	6612.0
2967	96800.0	1517.0
2968	200704.0	4200.0
2969	18432.0	731.0
2970	61952.0	1050.0
2971	3872.0	1252.0
2972	7744.0	282.0
2973	18432.0	633.0
2974	9216.0	619.0
2975	1024.0	1543.0
2976	200704.0	3706.0
2977	401408.0	6638.0
2978	96800.0	1507.0
2979	200704.0	4066.0
2980	18432.0	700.0
2981	61952.0	1073.0
2982	3872.0	1188.0
2983	7744.0	298.0
2984	18432.0	702.0
2985	9216.0	617.0
2986	1024.0	1347.0
2987	200704.0	3682.0
2988	401408.0	6670.0
2989	96800.0	1418.0
2990	200704.0	3923.0
2991	18432.0	783.0
2992	61952.0	1130.0
2993	3872.0	1293.0
2994	7744.0	305.0
2995	18432.0	663.0
2996	9216.0	610.0
2997	1024.0	1381.0
2998	200704.0	3643.0
2999	401408.0	6513.0
3000	96800.0	1423.0
3001	200704.0	3936.0
3002	18432.0	731.0
3003	61952.0	1084.0
3004	3872.0	1203.0
3005	7744.0	307.0
3006	18432.0	617.0
3007	9216.0	658.0
3008	1024.0	1372.0
3009	200704.0	3365.0
3010	401408.0	6425.0
3011	96800.0	1436.0
3012	200704.0	4046.0
3013	18432.0	738.0
3014	61952.0	1058.0
3015	3872.0	1251.0
3016	7744.0	311.0
3017	18432.0	604.0
3018	9216.0	638.0
3019	1024.0	2266.0
3020	37632.0	1223.0
3021	37632.0	511.0
3022	2187.0	131.0
3023	1024.0	177.0
3024	37632.0	1219.0
3025	37632.0	486.0
3026	2187.0	125.0
3027	1024.0	168.0
3028	37632.0	1263.0
3029	37632.0	522.0
3030	2187.0	122.0
3031	1024.0	169.0
3032	37632.0	1189.0
3033	37632.0	572.0
3034	2187.0	118.0
3035	1024.0	175.0
3036	37632.0	1210.0
3037	37632.0	504.0
3038	2187.0	125.0
3039	1024.0	178.0
3040	37632.0	1233.0
3041	37632.0	472.0
3042	2187.0	118.0
3043	1024.0	175.0
3044	37632.0	1322.0
3045	37632.0	530.0
3046	2187.0	125.0
3047	1024.0	176.0
3048	37632.0	1180.0
3049	37632.0	505.0
3050	2187.0	122.0
3051	1024.0	155.0
3052	37632.0	1216.0
3053	37632.0	516.0
3054	2187.0	129.0
3055	1024.0	171.0
3056	37632.0	1215.0
3057	37632.0	508.0
3058	2187.0	129.0
3059	1024.0	177.0
3060	37632.0	574.0
3061	36963.0	523.0
3062	9075.0	255.0
3063	9075.0	1100.0
3064	2028.0	120.0
3065	2028.0	101.0
3066	507.0	85.0
3067	1024.0	168.0
3068	37632.0	489.0
3069	36963.0	442.0
3070	9075.0	241.0
3071	9075.0	949.0
3072	2028.0	128.0
3073	2028.0	107.0
3074	507.0	88.0
3075	1024.0	155.0
3076	37632.0	563.0
3077	36963.0	508.0
3078	9075.0	228.0
3079	9075.0	904.0
3080	2028.0	128.0
3081	2028.0	125.0
3082	507.0	95.0
3083	1024.0	153.0
3084	37632.0	495.0
3085	36963.0	513.0
3086	9075.0	250.0
3087	9075.0	948.0
3088	2028.0	124.0
3089	2028.0	123.0
3090	507.0	90.0
3091	1024.0	165.0
3092	37632.0	516.0
3093	36963.0	508.0
3094	9075.0	226.0
3095	9075.0	940.0
3096	2028.0	112.0
3097	2028.0	124.0
3098	507.0	90.0
3099	1024.0	155.0
3100	37632.0	490.0
3101	36963.0	465.0
3102	9075.0	232.0
3103	9075.0	888.0
3104	2028.0	124.0
3105	2028.0	123.0
3106	507.0	91.0
3107	1024.0	178.0
3108	37632.0	515.0
3109	36963.0	478.0
3110	9075.0	175.0
3111	9075.0	971.0
3112	2028.0	124.0
3113	2028.0	115.0
3114	507.0	92.0
3115	1024.0	170.0
3116	37632.0	488.0
3117	36963.0	503.0
3118	9075.0	197.0
3119	9075.0	962.0
3120	2028.0	120.0
3121	2028.0	124.0
3122	507.0	87.0
3123	1024.0	169.0
3124	37632.0	508.0
3125	36963.0	518.0
3126	9075.0	241.0
3127	9075.0	934.0
3128	2028.0	123.0
3129	2028.0	124.0
3130	507.0	90.0
3131	1024.0	168.0
3132	37632.0	486.0
3133	36963.0	466.0
3134	9075.0	224.0
3135	9075.0	936.0
3136	2028.0	123.0
3137	2028.0	121.0
3138	507.0	89.0
3139	1024.0	164.0
3140	149187.0	2704.0
3141	9408.0	240.0
3142	9408.0	1038.0
3143	2187.0	123.0
3144	507.0	88.0
3145	507.0	89.0
3146	48.0	77.0
3147	48.0	78.0
3148	1024.0	136.0
3149	149187.0	2562.0
3150	9408.0	252.0
3151	9408.0	977.0
3152	2187.0	128.0
3153	507.0	90.0
3154	507.0	89.0
3155	48.0	77.0
3156	48.0	77.0
3157	1024.0	139.0
3158	149187.0	2542.0
3159	9408.0	225.0
3160	9408.0	1094.0
3161	2187.0	124.0
3162	507.0	90.0
3163	507.0	89.0
3164	48.0	78.0
3165	48.0	78.0
3166	1024.0	128.0
3167	149187.0	2473.0
3168	9408.0	249.0
3169	9408.0	1160.0
3170	2187.0	129.0
3171	507.0	89.0
3172	507.0	90.0
3173	48.0	75.0
3174	48.0	77.0
3175	1024.0	128.0
3176	149187.0	2518.0
3177	9408.0	181.0
3178	9408.0	1205.0
3179	2187.0	131.0
3180	507.0	88.0
3181	507.0	89.0
3182	48.0	77.0
3183	48.0	77.0
3184	1024.0	140.0
3185	149187.0	2514.0
3186	9408.0	230.0
3187	9408.0	1001.0
3188	2187.0	121.0
3189	507.0	84.0
3190	507.0	90.0
3191	48.0	78.0
3192	48.0	78.0
3193	1024.0	138.0
3194	149187.0	2536.0
3195	9408.0	201.0
3196	9408.0	1031.0
3197	2187.0	128.0
3198	507.0	90.0
3199	507.0	87.0
3200	48.0	75.0
3201	48.0	77.0
3202	1024.0	133.0
3203	149187.0	2652.0
3204	9408.0	242.0
3205	9408.0	1004.0
3206	2187.0	131.0
3207	507.0	89.0
3208	507.0	86.0
3209	48.0	78.0
3210	48.0	80.0
3211	1024.0	140.0
3212	149187.0	2496.0
3213	9408.0	236.0
3214	9408.0	1107.0
3215	2187.0	108.0
3216	507.0	83.0
3217	507.0	81.0
3218	48.0	75.0
3219	48.0	76.0
3220	1024.0	121.0
3221	149187.0	2504.0
3222	9408.0	245.0
3223	9408.0	1094.0
3224	2187.0	131.0
3225	507.0	91.0
3226	507.0	90.0
3227	48.0	78.0
3228	48.0	79.0
3229	1024.0	138.0
3230	150528.0	2580.0
3231	149187.0	2492.0
3232	8748.0	183.0
3233	2187.0	106.0
3234	1024.0	179.0
3235	150528.0	2568.0
3236	149187.0	2511.0
3237	8748.0	229.0
3238	2187.0	121.0
3239	1024.0	179.0
3240	150528.0	2463.0
3241	149187.0	2560.0
3242	8748.0	213.0
3243	2187.0	102.0
3244	1024.0	178.0
3245	150528.0	2584.0
3246	149187.0	2610.0
3247	8748.0	221.0
3248	2187.0	127.0
3249	1024.0	183.0
3250	150528.0	2629.0
3251	149187.0	2480.0
3252	8748.0	233.0
3253	2187.0	128.0
3254	1024.0	187.0
3255	150528.0	2523.0
3256	149187.0	2530.0
3257	8748.0	169.0
3258	2187.0	126.0
3259	1024.0	180.0
3260	150528.0	2569.0
3261	149187.0	2445.0
3262	8748.0	204.0
3263	2187.0	135.0
3264	1024.0	182.0
3265	150528.0	2528.0
3266	149187.0	2431.0
3267	8748.0	169.0
3268	2187.0	123.0
3269	1024.0	176.0
3270	150528.0	2559.0
3271	149187.0	2391.0
3272	8748.0	223.0
3273	2187.0	126.0
3274	1024.0	177.0
3275	150528.0	2588.0
3276	149187.0	2366.0
3277	8748.0	172.0
3278	2187.0	128.0
3279	1024.0	175.0
3280	150528.0	1666.0
3281	150528.0	2546.0
3282	36963.0	516.0
3283	9075.0	224.0
3284	588.0	91.0
3285	588.0	87.0
3286	588.0	89.0
3287	108.0	78.0
3288	1024.0	144.0
3289	150528.0	1587.0
3290	150528.0	2527.0
3291	36963.0	494.0
3292	9075.0	226.0
3293	588.0	87.0
3294	588.0	98.0
3295	588.0	90.0
3296	108.0	78.0
3297	1024.0	134.0
3298	150528.0	1592.0
3299	150528.0	2335.0
3300	36963.0	461.0
3301	9075.0	240.0
3302	588.0	93.0
3303	588.0	90.0
3304	588.0	92.0
3305	108.0	79.0
3306	1024.0	145.0
3307	150528.0	1615.0
3308	150528.0	2537.0
3309	36963.0	578.0
3310	9075.0	232.0
3311	588.0	91.0
3312	588.0	92.0
3313	588.0	92.0
3314	108.0	79.0
3315	1024.0	146.0
3316	150528.0	1599.0
3317	150528.0	2694.0
3318	36963.0	498.0
3319	9075.0	178.0
3320	588.0	84.0
3321	588.0	92.0
3322	588.0	89.0
3323	108.0	79.0
3324	1024.0	142.0
3325	150528.0	1566.0
3326	150528.0	2451.0
3327	36963.0	506.0
3328	9075.0	222.0
3329	588.0	93.0
3330	588.0	92.0
3331	588.0	92.0
3332	108.0	80.0
3333	1024.0	146.0
3334	150528.0	1597.0
3335	150528.0	2528.0
3336	36963.0	466.0
3337	9075.0	200.0
3338	588.0	86.0
3339	588.0	84.0
3340	588.0	88.0
3341	108.0	79.0
3342	1024.0	143.0
3343	150528.0	1601.0
3344	150528.0	2398.0
3345	36963.0	495.0
3346	9075.0	233.0
3347	588.0	90.0
3348	588.0	91.0
3349	588.0	91.0
3350	108.0	80.0
3351	1024.0	145.0
3352	150528.0	1600.0
3353	150528.0	2427.0
3354	36963.0	494.0
3355	9075.0	238.0
3356	588.0	88.0
3357	588.0	88.0
3358	588.0	93.0
3359	108.0	78.0
3360	1024.0	139.0
3361	150528.0	1579.0
3362	150528.0	2511.0
3363	36963.0	483.0
3364	9075.0	230.0
3365	588.0	90.0
3366	588.0	87.0
3367	588.0	86.0
3368	108.0	76.0
3369	1024.0	142.0
3370	150528.0	2453.0
3371	149187.0	2405.0
3372	149187.0	2577.0
3373	36963.0	559.0
3374	9408.0	234.0
3375	9075.0	232.0
3376	1024.0	183.0
3377	150528.0	2583.0
3378	149187.0	2621.0
3379	149187.0	2357.0
3380	36963.0	522.0
3381	9408.0	178.0
3382	9075.0	176.0
3383	1024.0	171.0
3384	150528.0	2648.0
3385	149187.0	2704.0
3386	149187.0	2596.0
3387	36963.0	537.0
3388	9408.0	225.0
3389	9075.0	227.0
3390	1024.0	179.0
3391	150528.0	2484.0
3392	149187.0	2513.0
3393	149187.0	2451.0
3394	36963.0	518.0
3395	9408.0	232.0
3396	9075.0	235.0
3397	1024.0	171.0
3398	150528.0	2523.0
3399	149187.0	2333.0
3400	149187.0	2536.0
3401	36963.0	599.0
3402	9408.0	217.0
3403	9075.0	231.0
3404	1024.0	182.0
3405	150528.0	2522.0
3406	149187.0	2441.0
3407	149187.0	2512.0
3408	36963.0	506.0
3409	9408.0	226.0
3410	9075.0	177.0
3411	1024.0	179.0
3412	150528.0	2581.0
3413	149187.0	2444.0
3414	149187.0	2384.0
3415	36963.0	509.0
3416	9408.0	212.0
3417	9075.0	229.0
3418	1024.0	181.0
3419	150528.0	2434.0
3420	149187.0	2382.0
3421	149187.0	2417.0
3422	36963.0	530.0
3423	9408.0	240.0
3424	9075.0	236.0
3425	1024.0	183.0
3426	150528.0	2358.0
3427	149187.0	2440.0
3428	149187.0	2414.0
3429	36963.0	526.0
3430	9408.0	218.0
3431	9075.0	235.0
3432	1024.0	189.0
3433	150528.0	2443.0
3434	149187.0	2416.0
3435	149187.0	2396.0
3436	36963.0	590.0
3437	9408.0	228.0
3438	9075.0	213.0
3439	1024.0	174.0
3440	9075.0	243.0
3441	8427.0	222.0
3442	2187.0	119.0
3443	1875.0	119.0
3444	147.0	79.0
3445	1024.0	121.0
3446	9075.0	235.0
3447	8427.0	226.0
3448	2187.0	119.0
3449	1875.0	115.0
3450	147.0	79.0
3451	1024.0	139.0
3452	9075.0	224.0
3453	8427.0	224.0
3454	2187.0	122.0
3455	1875.0	124.0
3456	147.0	82.0
3457	1024.0	151.0
3458	9075.0	224.0
3459	8427.0	216.0
3460	2187.0	110.0
3461	1875.0	121.0
3462	147.0	79.0
3463	1024.0	148.0
3464	9075.0	229.0
3465	8427.0	208.0
3466	2187.0	123.0
3467	1875.0	118.0
3468	147.0	80.0
3469	1024.0	128.0
3470	9075.0	221.0
3471	8427.0	197.0
3472	2187.0	126.0
3473	1875.0	121.0
3474	147.0	80.0
3475	1024.0	152.0
3476	9075.0	191.0
3477	8427.0	215.0
3478	2187.0	120.0
3479	1875.0	119.0
3480	147.0	79.0
3481	1024.0	153.0
3482	9075.0	217.0
3483	8427.0	215.0
3484	2187.0	118.0
3485	1875.0	119.0
3486	147.0	81.0
3487	1024.0	136.0
3488	9075.0	214.0
3489	8427.0	180.0
3490	2187.0	126.0
3491	1875.0	122.0
3492	147.0	79.0
3493	1024.0	143.0
3494	9075.0	235.0
3495	8427.0	220.0
3496	2187.0	126.0
3497	1875.0	118.0
3498	147.0	81.0
3499	1024.0	145.0
3500	2352.0	127.0
3501	2028.0	119.0
3502	1728.0	115.0
3503	1200.0	107.0
3504	243.0	82.0
3505	147.0	78.0
3506	48.0	77.0
3507	1024.0	119.0
3508	2352.0	133.0
3509	2028.0	116.0
3510	1728.0	118.0
3511	1200.0	106.0
3512	243.0	84.0
3513	147.0	80.0
3514	48.0	77.0
3515	1024.0	127.0
3516	2352.0	123.0
3517	2028.0	122.0
3518	1728.0	118.0
3519	1200.0	105.0
3520	243.0	80.0
3521	147.0	80.0
3522	48.0	77.0
3523	1024.0	122.0
3524	2352.0	128.0
3525	2028.0	134.0
3526	1728.0	116.0
3527	1200.0	108.0
3528	243.0	83.0
3529	147.0	82.0
3530	48.0	80.0
3531	1024.0	125.0
3532	2352.0	115.0
3533	2028.0	118.0
3534	1728.0	98.0
3535	1200.0	103.0
3536	243.0	82.0
3537	147.0	79.0
3538	48.0	77.0
3539	1024.0	123.0
3540	2352.0	119.0
3541	2028.0	99.0
3542	1728.0	118.0
3543	1200.0	105.0
3544	243.0	83.0
3545	147.0	81.0
3546	48.0	78.0
3547	1024.0	125.0
3548	2352.0	142.0
3549	2028.0	127.0
3550	1728.0	120.0
3551	1200.0	105.0
3552	243.0	83.0
3553	147.0	80.0
3554	48.0	77.0
3555	1024.0	125.0
3556	2352.0	118.0
3557	2028.0	124.0
3558	1728.0	103.0
3559	1200.0	102.0
3560	243.0	81.0
3561	147.0	79.0
3562	48.0	77.0
3563	1024.0	126.0
3564	2352.0	133.0
3565	2028.0	120.0
3566	1728.0	117.0
3567	1200.0	107.0
3568	243.0	84.0
3569	147.0	80.0
3570	48.0	77.0
3571	1024.0	126.0
3572	2352.0	129.0
3573	2028.0	103.0
3574	1728.0	97.0
3575	1200.0	96.0
3576	243.0	82.0
3577	147.0	79.0
3578	48.0	76.0
3579	1024.0	120.0
3580	147852.0	1545.0
3581	36963.0	1254.0
3582	9075.0	219.0
3583	7803.0	161.0
3584	7203.0	216.0
3585	1587.0	112.0
3586	432.0	83.0
3587	1024.0	148.0
3588	147852.0	1645.0
3589	36963.0	1247.0
3590	9075.0	212.0
3591	7803.0	163.0
3592	7203.0	203.0
3593	1587.0	117.0
3594	432.0	88.0
3595	1024.0	155.0
3596	147852.0	1557.0
3597	36963.0	1304.0
3598	9075.0	218.0
3599	7803.0	170.0
3600	7203.0	207.0
3601	1587.0	116.0
3602	432.0	88.0
3603	1024.0	163.0
3604	147852.0	1641.0
3605	36963.0	1453.0
3606	9075.0	242.0
3607	7803.0	214.0
3608	7203.0	187.0
3609	1587.0	117.0
3610	432.0	90.0
3611	1024.0	168.0
3612	147852.0	1563.0
3613	36963.0	1227.0
3614	9075.0	215.0
3615	7803.0	223.0
3616	7203.0	210.0
3617	1587.0	114.0
3618	432.0	88.0
3619	1024.0	161.0
3620	147852.0	1566.0
3621	36963.0	1286.0
3622	9075.0	234.0
3623	7803.0	213.0
3624	7203.0	201.0
3625	1587.0	114.0
3626	432.0	89.0
3627	1024.0	166.0
3628	147852.0	1598.0
3629	36963.0	1246.0
3630	9075.0	247.0
3631	7803.0	223.0
3632	7203.0	205.0
3633	1587.0	109.0
3634	432.0	89.0
3635	1024.0	172.0
3636	147852.0	1591.0
3637	36963.0	1288.0
3638	9075.0	238.0
3639	7803.0	188.0
3640	7203.0	181.0
3641	1587.0	115.0
3642	432.0	85.0
3643	1024.0	161.0
3644	147852.0	1532.0
3645	36963.0	1300.0
3646	9075.0	238.0
3647	7803.0	221.0
3648	7203.0	174.0
3649	1587.0	102.0
3650	432.0	87.0
3651	1024.0	172.0
3652	147852.0	1549.0
3653	36963.0	1233.0
3654	9075.0	224.0
3655	7803.0	164.0
3656	7203.0	172.0
3657	1587.0	107.0
3658	432.0	87.0
3659	1024.0	146.0
3660	50176.0	647.0
3661	6272.0	205.0
3662	1568.0	113.0
3663	800.0	99.0
3664	1024.0	187.0
3665	50176.0	669.0
3666	6272.0	206.0
3667	1568.0	98.0
3668	800.0	85.0
3669	1024.0	194.0
3670	50176.0	610.0
3671	6272.0	200.0
3672	1568.0	112.0
3673	800.0	94.0
3674	1024.0	204.0
3675	50176.0	663.0
3676	6272.0	208.0
3677	1568.0	112.0
3678	800.0	95.0
3679	1024.0	193.0
3680	50176.0	673.0
3681	6272.0	209.0
3682	1568.0	115.0
3683	800.0	95.0
3684	1024.0	197.0
3685	50176.0	650.0
3686	6272.0	210.0
3687	1568.0	105.0
3688	800.0	91.0
3689	1024.0	232.0
3690	50176.0	706.0
3691	6272.0	209.0
3692	1568.0	113.0
3693	800.0	86.0
3694	1024.0	201.0
3695	50176.0	643.0
3696	6272.0	205.0
3697	1568.0	105.0
3698	800.0	97.0
3699	1024.0	201.0
3700	50176.0	652.0
3701	6272.0	196.0
3702	1568.0	106.0
3703	800.0	88.0
3704	1024.0	197.0
3705	50176.0	717.0
3706	6272.0	210.0
3707	1568.0	111.0
3708	800.0	94.0
3709	1024.0	198.0
3710	802816.0	13454.0
3711	200704.0	2823.0
3712	784.0	106.0
3713	400.0	116.0
3714	64.0	77.0
3715	1024.0	136.0
3716	802816.0	12856.0
3717	200704.0	2945.0
3718	784.0	109.0
3719	400.0	116.0
3720	64.0	78.0
3721	1024.0	144.0
3722	802816.0	12947.0
3723	200704.0	3000.0
3724	784.0	107.0
3725	400.0	115.0
3726	64.0	78.0
3727	1024.0	140.0
3728	802816.0	12841.0
3729	200704.0	2730.0
3730	784.0	109.0
3731	400.0	112.0
3732	64.0	78.0
3733	1024.0	143.0
3734	802816.0	13006.0
3735	200704.0	2731.0
3736	784.0	101.0
3737	400.0	108.0
3738	64.0	76.0
3739	1024.0	144.0
3740	802816.0	12794.0
3741	200704.0	2892.0
3742	784.0	108.0
3743	400.0	116.0
3744	64.0	77.0
3745	1024.0	142.0
3746	802816.0	13108.0
3747	200704.0	2711.0
3748	784.0	107.0
3749	400.0	114.0
3750	64.0	79.0
3751	1024.0	147.0
3752	802816.0	12758.0
3753	200704.0	2888.0
3754	784.0	110.0
3755	400.0	117.0
3756	64.0	79.0
3757	1024.0	143.0
3758	802816.0	12932.0
3759	200704.0	2871.0
3760	784.0	111.0
3761	400.0	126.0
3762	64.0	78.0
3763	1024.0	141.0
3764	802816.0	13175.0
3765	200704.0	2900.0
3766	784.0	108.0
3767	400.0	117.0
3768	64.0	79.0
3769	1024.0	134.0
3770	774400.0	11622.0
3771	190096.0	3445.0
3772	46656.0	628.0
3773	46656.0	783.0
3774	25600.0	428.0
3775	1600.0	130.0
3776	1024.0	238.0
3777	774400.0	11487.0
3778	190096.0	3292.0
3779	46656.0	569.0
3780	46656.0	787.0
3781	25600.0	404.0
3782	1600.0	116.0
3783	1024.0	233.0
3784	774400.0	11472.0
3785	190096.0	3358.0
3786	46656.0	553.0
3787	46656.0	818.0
3788	25600.0	425.0
3789	1600.0	131.0
3790	1024.0	234.0
3791	774400.0	11909.0
3792	190096.0	3441.0
3793	46656.0	563.0
3794	46656.0	766.0
3795	25600.0	413.0
3796	1600.0	126.0
3797	1024.0	236.0
3798	774400.0	11387.0
3799	190096.0	3364.0
3800	46656.0	563.0
3801	46656.0	862.0
3802	25600.0	388.0
3803	1600.0	117.0
3804	1024.0	243.0
3805	774400.0	11510.0
3806	190096.0	3328.0
3807	46656.0	592.0
3808	46656.0	867.0
3809	25600.0	411.0
3810	1600.0	127.0
3811	1024.0	228.0
3812	774400.0	11627.0
3813	190096.0	3269.0
3814	46656.0	627.0
3815	46656.0	782.0
3816	25600.0	369.0
3817	1600.0	128.0
3818	1024.0	237.0
3819	774400.0	11477.0
3820	190096.0	3321.0
3821	46656.0	575.0
3822	46656.0	769.0
3823	25600.0	412.0
3824	1600.0	127.0
3825	1024.0	226.0
3826	774400.0	11913.0
3827	190096.0	3435.0
3828	46656.0	623.0
3829	46656.0	788.0
3830	25600.0	391.0
3831	1600.0	122.0
3832	1024.0	236.0
3833	774400.0	12086.0
3834	190096.0	3412.0
3835	46656.0	592.0
3836	46656.0	790.0
3837	25600.0	425.0
3838	1600.0	129.0
3839	1024.0	246.0
3840	200704.0	3360.0
3841	186624.0	3163.0
3842	179776.0	3647.0
3843	21632.0	551.0
3844	4608.0	326.0
3845	1024.0	450.0
3846	200704.0	3405.0
3847	186624.0	3130.0
3848	179776.0	3375.0
3849	21632.0	497.0
3850	4608.0	340.0
3851	1024.0	454.0
3852	200704.0	3447.0
3853	186624.0	3214.0
3854	179776.0	3542.0
3855	21632.0	571.0
3856	4608.0	328.0
3857	1024.0	461.0
3858	200704.0	3611.0
3859	186624.0	3248.0
3860	179776.0	3566.0
3861	21632.0	513.0
3862	4608.0	314.0
3863	1024.0	429.0
3864	200704.0	3466.0
3865	186624.0	3079.0
3866	179776.0	3600.0
3867	21632.0	555.0
3868	4608.0	340.0
3869	1024.0	402.0
3870	200704.0	3474.0
3871	186624.0	3167.0
3872	179776.0	3458.0
3873	21632.0	547.0
3874	4608.0	335.0
3875	1024.0	433.0
3876	200704.0	3596.0
3877	186624.0	3097.0
3878	179776.0	3662.0
3879	21632.0	525.0
3880	4608.0	335.0
3881	1024.0	476.0
3882	200704.0	3485.0
3883	186624.0	3112.0
3884	179776.0	3458.0
3885	21632.0	568.0
3886	4608.0	333.0
3887	1024.0	482.0
3888	200704.0	3398.0
3889	186624.0	3211.0
3890	179776.0	3472.0
3891	21632.0	577.0
3892	4608.0	333.0
3893	1024.0	442.0
3894	200704.0	3392.0
3895	186624.0	3049.0
3896	179776.0	3513.0
3897	21632.0	554.0
3898	4608.0	322.0
3899	1024.0	419.0
3900	48400.0	800.0
3901	12544.0	325.0
3902	3136.0	128.0
3903	1024.0	150.0
3904	48400.0	806.0
3905	12544.0	304.0
3906	3136.0	156.0
3907	1024.0	146.0
3908	48400.0	817.0
3909	12544.0	308.0
3910	3136.0	148.0
3911	1024.0	143.0
3912	48400.0	758.0
3913	12544.0	333.0
3914	3136.0	136.0
3915	1024.0	147.0
3916	48400.0	837.0
3917	12544.0	338.0
3918	3136.0	155.0
3919	1024.0	145.0
3920	48400.0	793.0
3921	12544.0	262.0
3922	3136.0	136.0
3923	1024.0	145.0
3924	48400.0	952.0
3925	12544.0	347.0
3926	3136.0	146.0
3927	1024.0	144.0
3928	48400.0	795.0
3929	12544.0	374.0
3930	3136.0	138.0
3931	1024.0	143.0
3932	48400.0	811.0
3933	12544.0	337.0
3934	3136.0	145.0
3935	1024.0	143.0
3936	48400.0	808.0
3937	12544.0	338.0
3938	3136.0	150.0
3939	1024.0	140.0
3940	50176.0	885.0
3941	40000.0	531.0
3942	160000.0	3641.0
3943	36864.0	638.0
3944	800.0	156.0
3945	1024.0	174.0
3946	50176.0	913.0
3947	40000.0	531.0
3948	160000.0	3576.0
3949	36864.0	528.0
3950	800.0	159.0
3951	1024.0	173.0
3952	50176.0	919.0
3953	40000.0	554.0
3954	160000.0	3685.0
3955	36864.0	498.0
3956	800.0	156.0
3957	1024.0	173.0
3958	50176.0	951.0
3959	40000.0	596.0
3960	160000.0	3597.0
3961	36864.0	471.0
3962	800.0	167.0
3963	1024.0	175.0
3964	50176.0	910.0
3965	40000.0	536.0
3966	160000.0	3778.0
3967	36864.0	521.0
3968	800.0	159.0
3969	1024.0	166.0
3970	50176.0	891.0
3971	40000.0	529.0
3972	160000.0	3481.0
3973	36864.0	498.0
3974	800.0	166.0
3975	1024.0	175.0
3976	50176.0	927.0
3977	40000.0	559.0
3978	160000.0	3451.0
3979	36864.0	504.0
3980	800.0	150.0
3981	1024.0	176.0
3982	50176.0	893.0
3983	40000.0	568.0
3984	160000.0	3480.0
3985	36864.0	502.0
3986	800.0	159.0
3987	1024.0	175.0
3988	50176.0	927.0
3989	40000.0	573.0
3990	160000.0	3586.0
3991	36864.0	487.0
3992	800.0	155.0
3993	1024.0	174.0
3994	50176.0	915.0
3995	40000.0	570.0
3996	160000.0	3792.0
3997	36864.0	551.0
3998	800.0	161.0
3999	1024.0	176.0
4000	802816.0	12716.0
4001	2704.0	1029.0
4002	1152.0	239.0
4003	1152.0	103.0
4004	1024.0	211.0
4005	802816.0	12899.0
4006	2704.0	1012.0
4007	1152.0	225.0
4008	1152.0	102.0
4009	1024.0	203.0
4010	802816.0	12844.0
4011	2704.0	1030.0
4012	1152.0	234.0
4013	1152.0	106.0
4014	1024.0	198.0
4015	802816.0	12877.0
4016	2704.0	1116.0
4017	1152.0	240.0
4018	1152.0	87.0
4019	1024.0	213.0
4020	802816.0	12807.0
4021	2704.0	1028.0
4022	1152.0	238.0
4023	1152.0	106.0
4024	1024.0	218.0
4025	802816.0	12958.0
4026	2704.0	918.0
4027	1152.0	235.0
4028	1152.0	107.0
4029	1024.0	214.0
4030	802816.0	12456.0
4031	2704.0	945.0
4032	1152.0	241.0
4033	1152.0	107.0
4034	1024.0	204.0
4035	802816.0	12602.0
4036	2704.0	973.0
4037	1152.0	240.0
4038	1152.0	105.0
4039	1024.0	207.0
4040	802816.0	12315.0
4041	2704.0	933.0
4042	1152.0	220.0
4043	1152.0	107.0
4044	1024.0	204.0
4045	802816.0	12527.0
4046	2704.0	988.0
4047	1152.0	238.0
4048	1152.0	95.0
4049	1024.0	209.0
4050	179776.0	3350.0
4051	43264.0	603.0
4052	576.0	103.0
4053	1024.0	943.0
4054	179776.0	3430.0
4055	43264.0	635.0
4056	576.0	101.0
4057	1024.0	988.0
4058	179776.0	3256.0
4059	43264.0	604.0
4060	576.0	102.0
4061	1024.0	870.0
4062	179776.0	3249.0
4063	43264.0	597.0
4064	576.0	93.0
4065	1024.0	884.0
4066	179776.0	3325.0
4067	43264.0	589.0
4068	576.0	101.0
4069	1024.0	877.0
4070	179776.0	3481.0
4071	43264.0	643.0
4072	576.0	105.0
4073	1024.0	930.0
4074	179776.0	3217.0
4075	43264.0	567.0
4076	576.0	102.0
4077	1024.0	993.0
4078	179776.0	3166.0
4079	43264.0	533.0
4080	576.0	103.0
4081	1024.0	917.0
4082	179776.0	3522.0
4083	43264.0	584.0
4084	576.0	104.0
4085	1024.0	938.0
4086	179776.0	3324.0
4087	43264.0	603.0
4088	576.0	102.0
4089	1024.0	942.0
4090	50176.0	676.0
4091	200704.0	3179.0
4092	200704.0	2967.0
4093	80000.0	1689.0
4094	25600.0	885.0
4095	1024.0	2286.0
4096	50176.0	620.0
4097	200704.0	3319.0
4098	200704.0	2946.0
4099	80000.0	1698.0
4100	25600.0	850.0
4101	1024.0	2257.0
4102	50176.0	712.0
4103	200704.0	3367.0
4104	200704.0	2948.0
4105	80000.0	1724.0
4106	25600.0	907.0
4107	1024.0	2320.0
4108	50176.0	690.0
4109	200704.0	3206.0
4110	200704.0	2901.0
4111	80000.0	1800.0
4112	25600.0	812.0
4113	1024.0	2264.0
4114	50176.0	663.0
4115	200704.0	3290.0
4116	200704.0	3061.0
4117	80000.0	1826.0
4118	25600.0	884.0
4119	1024.0	2281.0
4120	50176.0	681.0
4121	200704.0	3457.0
4122	200704.0	3135.0
4123	80000.0	1935.0
4124	25600.0	861.0
4125	1024.0	2887.0
4126	50176.0	634.0
4127	200704.0	3252.0
4128	200704.0	3122.0
4129	80000.0	1814.0
4130	25600.0	859.0
4131	1024.0	2296.0
4132	50176.0	693.0
4133	200704.0	3399.0
4134	200704.0	3174.0
4135	80000.0	1742.0
4136	25600.0	897.0
4137	1024.0	2334.0
4138	50176.0	640.0
4139	200704.0	3355.0
4140	200704.0	2899.0
4141	80000.0	1606.0
4142	25600.0	857.0
4143	1024.0	2315.0
4144	50176.0	666.0
4145	200704.0	3319.0
4146	200704.0	2991.0
4147	80000.0	1777.0
4148	25600.0	821.0
4149	1024.0	2297.0
4150	48400.0	1436.0
4151	46656.0	1477.0
4152	3200.0	152.0
4153	4096.0	173.0
4154	128.0	82.0
4155	1024.0	142.0
4156	48400.0	1508.0
4157	46656.0	1483.0
4158	3200.0	115.0
4159	4096.0	174.0
4160	128.0	81.0
4161	1024.0	143.0
4162	48400.0	1499.0
4163	46656.0	1489.0
4164	3200.0	147.0
4165	4096.0	143.0
4166	128.0	79.0
4167	1024.0	147.0
4168	48400.0	1483.0
4169	46656.0	1655.0
4170	3200.0	151.0
4171	4096.0	172.0
4172	128.0	81.0
4173	1024.0	148.0
4174	48400.0	1461.0
4175	46656.0	1488.0
4176	3200.0	148.0
4177	4096.0	158.0
4178	128.0	82.0
4179	1024.0	148.0
4180	48400.0	1469.0
4181	46656.0	1484.0
4182	3200.0	152.0
4183	4096.0	160.0
4184	128.0	81.0
4185	1024.0	143.0
4186	48400.0	1571.0
4187	46656.0	1456.0
4188	3200.0	156.0
4189	4096.0	165.0
4190	128.0	82.0
4191	1024.0	150.0
4192	48400.0	1432.0
4193	46656.0	1402.0
4194	3200.0	151.0
4195	4096.0	180.0
4196	128.0	82.0
4197	1024.0	143.0
4198	48400.0	1480.0
4199	46656.0	1457.0
4200	3200.0	147.0
4201	4096.0	169.0
4202	128.0	81.0
4203	1024.0	147.0
4204	48400.0	1437.0
4205	46656.0	1430.0
4206	3200.0	135.0
4207	4096.0	154.0
4208	128.0	81.0
4209	1024.0	143.0
4210	48400.0	1419.0
4211	96800.0	2624.0
4212	20000.0	362.0
4213	12800.0	294.0
4214	1152.0	105.0
4215	1024.0	202.0
4216	48400.0	1370.0
4217	96800.0	2743.0
4218	20000.0	310.0
4219	12800.0	281.0
4220	1152.0	108.0
4221	1024.0	215.0
4222	48400.0	1496.0
4223	96800.0	2678.0
4224	20000.0	354.0
4225	12800.0	332.0
4226	1152.0	109.0
4227	1024.0	212.0
4228	48400.0	1573.0
4229	96800.0	2712.0
4230	20000.0	354.0
4231	12800.0	218.0
4232	1152.0	112.0
4233	1024.0	222.0
4234	48400.0	1641.0
4235	96800.0	2833.0
4236	20000.0	303.0
4237	12800.0	259.0
4238	1152.0	95.0
4239	1024.0	207.0
4240	48400.0	1605.0
4241	96800.0	2804.0
4242	20000.0	354.0
4243	12800.0	291.0
4244	1152.0	109.0
4245	1024.0	215.0
4246	48400.0	1448.0
4247	96800.0	2766.0
4248	20000.0	367.0
4249	12800.0	239.0
4250	1152.0	109.0
4251	1024.0	195.0
4252	48400.0	1420.0
4253	96800.0	2587.0
4254	20000.0	329.0
4255	12800.0	237.0
4256	1152.0	108.0
4257	1024.0	199.0
4258	48400.0	1405.0
4259	96800.0	2677.0
4260	20000.0	362.0
4261	12800.0	279.0
4262	1152.0	105.0
4263	1024.0	193.0
4264	48400.0	1505.0
4265	96800.0	3022.0
4266	20000.0	342.0
4267	12800.0	277.0
4268	1152.0	109.0
4269	1024.0	215.0
4270	193600.0	3719.0
4271	10816.0	266.0
4272	1936.0	122.0
4273	41472.0	1400.0
4274	1152.0	105.0
4275	1024.0	187.0
4276	193600.0	3798.0
4277	10816.0	260.0
4278	1936.0	121.0
4279	41472.0	1493.0
4280	1152.0	107.0
4281	1024.0	213.0
4282	193600.0	3871.0
4283	10816.0	264.0
4284	1936.0	119.0
4285	41472.0	1412.0
4286	1152.0	107.0
4287	1024.0	199.0
4288	193600.0	3745.0
4289	10816.0	288.0
4290	1936.0	127.0
4291	41472.0	1380.0
4292	1152.0	109.0
4293	1024.0	208.0
4294	193600.0	3781.0
4295	10816.0	265.0
4296	1936.0	122.0
4297	41472.0	1375.0
4298	1152.0	100.0
4299	1024.0	193.0
4300	193600.0	3787.0
4301	10816.0	228.0
4302	1936.0	126.0
4303	41472.0	1389.0
4304	1152.0	100.0
4305	1024.0	203.0
4306	193600.0	3765.0
4307	10816.0	252.0
4308	1936.0	113.0
4309	41472.0	1495.0
4310	1152.0	101.0
4311	1024.0	204.0
4312	193600.0	3696.0
4313	10816.0	258.0
4314	1936.0	108.0
4315	41472.0	1405.0
4316	1152.0	106.0
4317	1024.0	207.0
4318	193600.0	3801.0
4319	10816.0	267.0
4320	1936.0	123.0
4321	41472.0	1410.0
4322	1152.0	99.0
4323	1024.0	203.0
4324	193600.0	3845.0
4325	10816.0	241.0
4326	1936.0	124.0
4327	41472.0	1568.0
4328	1152.0	102.0
4329	1024.0	204.0
4330	48400.0	707.0
4331	2704.0	968.0
4332	2304.0	129.0
4333	128.0	90.0
4334	1024.0	102.0
4335	1024.0	238.0
4336	48400.0	603.0
4337	2704.0	890.0
4338	2304.0	134.0
4339	128.0	81.0
4340	1024.0	104.0
4341	1024.0	284.0
4342	48400.0	606.0
4343	2704.0	939.0
4344	2304.0	107.0
4345	128.0	82.0
4346	1024.0	106.0
4347	1024.0	236.0
4348	48400.0	653.0
4349	2704.0	1109.0
4350	2304.0	135.0
4351	128.0	81.0
4352	1024.0	103.0
4353	1024.0	256.0
4354	48400.0	647.0
4355	2704.0	925.0
4356	2304.0	132.0
4357	128.0	80.0
4358	1024.0	102.0
4359	1024.0	276.0
4360	48400.0	767.0
4361	2704.0	929.0
4362	2304.0	102.0
4363	128.0	78.0
4364	1024.0	102.0
4365	1024.0	241.0
4366	48400.0	654.0
4367	2704.0	1121.0
4368	2304.0	125.0
4369	128.0	79.0
4370	1024.0	103.0
4371	1024.0	242.0
4372	48400.0	640.0
4373	2704.0	933.0
4374	2304.0	123.0
4375	128.0	81.0
4376	1024.0	105.0
4377	1024.0	257.0
4378	48400.0	629.0
4379	2704.0	922.0
4380	2304.0	125.0
4381	128.0	81.0
4382	1024.0	93.0
4383	1024.0	282.0
4384	48400.0	650.0
4385	2704.0	896.0
4386	2304.0	133.0
4387	128.0	81.0
4388	1024.0	105.0
4389	1024.0	275.0
4390	788544.0	11791.0
4391	197136.0	3073.0
4392	11664.0	281.0
4393	50176.0	641.0
4394	25088.0	385.0
4395	1024.0	1813.0
4396	788544.0	11744.0
4397	197136.0	3005.0
4398	11664.0	268.0
4399	50176.0	666.0
4400	25088.0	419.0
4401	1024.0	1976.0
4402	788544.0	11693.0
4403	197136.0	2959.0
4404	11664.0	273.0
4405	50176.0	598.0
4406	25088.0	405.0
4407	1024.0	1882.0
4408	788544.0	11910.0
4409	197136.0	3063.0
4410	11664.0	273.0
4411	50176.0	598.0
4412	25088.0	427.0
4413	1024.0	1862.0
4414	788544.0	11628.0
4415	197136.0	2989.0
4416	11664.0	268.0
4417	50176.0	670.0
4418	25088.0	407.0
4419	1024.0	2012.0
4420	788544.0	11710.0
4421	197136.0	3051.0
4422	11664.0	264.0
4423	50176.0	603.0
4424	25088.0	358.0
4425	1024.0	1692.0
4426	788544.0	11855.0
4427	197136.0	3062.0
4428	11664.0	277.0
4429	50176.0	770.0
4430	25088.0	399.0
4431	1024.0	1711.0
4432	788544.0	11715.0
4433	197136.0	3046.0
4434	11664.0	255.0
4435	50176.0	640.0
4436	25088.0	391.0
4437	1024.0	1806.0
4438	788544.0	12099.0
4439	197136.0	3073.0
4440	11664.0	264.0
4441	50176.0	632.0
4442	25088.0	379.0
4443	1024.0	1697.0
4444	788544.0	11758.0
4445	197136.0	2977.0
4446	11664.0	268.0
4447	50176.0	629.0
4448	25088.0	414.0
4449	1024.0	1926.0
4450	3.0	65.0
4451	3.0	65.0
4452	3.0	65.0
4453	3.0	65.0
4454	3.0	66.0
4455	3.0	66.0
4456	3.0	65.0
4457	3.0	65.0
4458	3.0	65.0
4459	3.0	66.0
4460	1024.0	116.0
4461	3.0	65.0
4462	3.0	65.0
4463	3.0	65.0
4464	3.0	64.0
4465	3.0	65.0
4466	3.0	65.0
4467	3.0	65.0
4468	3.0	65.0
4469	3.0	65.0
4470	3.0	65.0
4471	1024.0	116.0
4472	3.0	65.0
4473	3.0	64.0
4474	3.0	64.0
4475	3.0	65.0
4476	3.0	64.0
4477	3.0	63.0
4478	3.0	63.0
4479	3.0	65.0
4480	3.0	65.0
4481	3.0	65.0
4482	1024.0	117.0
4483	3.0	66.0
4484	3.0	66.0
4485	3.0	67.0
4486	3.0	66.0
4487	3.0	66.0
4488	3.0	68.0
4489	3.0	65.0
4490	3.0	66.0
4491	3.0	66.0
4492	3.0	65.0
4493	1024.0	117.0
4494	3.0	67.0
4495	3.0	67.0
4496	3.0	67.0
4497	3.0	66.0
4498	3.0	66.0
4499	3.0	66.0
4500	3.0	65.0
4501	3.0	66.0
4502	3.0	66.0
4503	3.0	66.0
4504	1024.0	116.0
4505	3.0	67.0
4506	3.0	67.0
4507	3.0	67.0
4508	3.0	66.0
4509	3.0	66.0
4510	3.0	66.0
4511	3.0	66.0
4512	3.0	67.0
4513	3.0	66.0
4514	3.0	66.0
4515	1024.0	118.0
4516	3.0	66.0
4517	3.0	66.0
4518	3.0	66.0
4519	3.0	66.0
4520	3.0	66.0
4521	3.0	75.0
4522	3.0	67.0
4523	3.0	66.0
4524	3.0	67.0
4525	3.0	67.0
4526	1024.0	118.0
4527	3.0	64.0
4528	3.0	65.0
4529	3.0	65.0
4530	3.0	66.0
4531	3.0	65.0
4532	3.0	66.0
4533	3.0	65.0
4534	3.0	65.0
4535	3.0	65.0
4536	3.0	65.0
4537	1024.0	110.0
4538	3.0	66.0
4539	3.0	66.0
4540	3.0	66.0
4541	3.0	66.0
4542	3.0	66.0
4543	3.0	67.0
4544	3.0	67.0
4545	3.0	66.0
4546	3.0	67.0
4547	3.0	66.0
4548	1024.0	118.0
4549	3.0	64.0
4550	3.0	66.0
4551	3.0	66.0
4552	3.0	66.0
4553	3.0	66.0
4554	3.0	66.0
4555	3.0	66.0
4556	3.0	66.0
4557	3.0	66.0
4558	3.0	65.0
4559	1024.0	119.0
4560	1338.0	123.0
4561	1338.0	125.0
4562	1338.0	128.0
4563	1338.0	129.0
4564	1338.0	125.0
4565	1338.0	121.0
4566	1338.0	127.0
4567	1338.0	130.0
4568	1338.0	109.0
4569	1338.0	126.0
4570	75.0	66.0
4571	75.0	67.0
4572	75.0	67.0
4573	75.0	67.0
4574	75.0	65.0
4575	75.0	64.0
4576	75.0	66.0
4577	75.0	67.0
4578	75.0	67.0
4579	75.0	66.0
4580	1024.0	125.0
4581	75.0	65.0
4582	75.0	68.0
4583	75.0	65.0
4584	75.0	65.0
4585	75.0	65.0
4586	75.0	64.0
4587	75.0	67.0
4588	75.0	67.0
4589	75.0	67.0
4590	75.0	65.0
4591	1024.0	130.0
4592	75.0	69.0
4593	75.0	68.0
4594	75.0	67.0
4595	75.0	68.0
4596	75.0	69.0
4597	75.0	68.0
4598	75.0	69.0
4599	75.0	69.0
4600	75.0	69.0
4601	75.0	69.0
4602	1024.0	135.0
4603	75.0	67.0
4604	75.0	67.0
4605	75.0	68.0
4606	75.0	68.0
4607	75.0	67.0
4608	75.0	68.0
4609	75.0	68.0
4610	75.0	68.0
4611	75.0	68.0
4612	75.0	67.0
4613	1024.0	133.0
4614	75.0	68.0
4615	75.0	68.0
4616	75.0	68.0
4617	75.0	69.0
4618	75.0	76.0
4619	75.0	69.0
4620	75.0	69.0
4621	75.0	68.0
4622	75.0	69.0
4623	75.0	68.0
4624	1024.0	140.0
4625	75.0	67.0
4626	75.0	68.0
4627	75.0	67.0
4628	75.0	67.0
4629	75.0	67.0
4630	75.0	69.0
4631	75.0	67.0
4632	75.0	67.0
4633	75.0	67.0
4634	75.0	67.0
4635	1024.0	122.0
4636	75.0	67.0
4637	75.0	68.0
4638	75.0	67.0
4639	75.0	67.0
4640	75.0	67.0
4641	75.0	67.0
4642	75.0	67.0
4643	75.0	67.0
4644	75.0	67.0
4645	75.0	67.0
4646	1024.0	139.0
4647	75.0	66.0
4648	75.0	68.0
4649	75.0	67.0
4650	75.0	67.0
4651	75.0	68.0
4652	75.0	67.0
4653	75.0	68.0
4654	75.0	68.0
4655	75.0	68.0
4656	75.0	67.0
4657	1024.0	122.0
4658	75.0	67.0
4659	75.0	68.0
4660	75.0	67.0
4661	75.0	68.0
4662	75.0	68.0
4663	75.0	67.0
4664	75.0	67.0
4665	75.0	67.0
4666	75.0	67.0
4667	75.0	67.0
4668	1024.0	136.0
4669	75.0	68.0
4670	75.0	68.0
4671	75.0	68.0
4672	75.0	67.0
4673	75.0	68.0
4674	75.0	67.0
4675	75.0	67.0
4676	75.0	68.0
4677	75.0	67.0
4678	75.0	66.0
4679	1024.0	134.0
4680	2028.0	112.0
4681	2028.0	112.0
4682	2028.0	109.0
4683	2028.0	98.0
4684	2028.0	115.0
4685	2028.0	119.0
4686	2028.0	113.0
4687	2028.0	914.0
4688	2028.0	110.0
4689	2028.0	113.0
4690	1024.0	255.0
4691	2028.0	87.0
4692	2028.0	86.0
4693	2028.0	87.0
4694	2028.0	85.0
4695	2028.0	85.0
4696	2028.0	88.0
4697	2028.0	117.0
4698	2028.0	1013.0
4699	2028.0	110.0
4700	2028.0	107.0
4701	1024.0	260.0
4702	2028.0	119.0
4703	2028.0	116.0
4704	2028.0	105.0
4705	2028.0	116.0
4706	2028.0	113.0
4707	2028.0	113.0
4708	2028.0	115.0
4709	2028.0	879.0
4710	2028.0	114.0
4711	2028.0	112.0
4712	1024.0	259.0
4713	2028.0	113.0
4714	2028.0	115.0
4715	2028.0	116.0
4716	2028.0	111.0
4717	2028.0	113.0
4718	2028.0	112.0
4719	2028.0	112.0
4720	2028.0	918.0
4721	2028.0	113.0
4722	2028.0	118.0
4723	1024.0	249.0
4724	2028.0	116.0
4725	2028.0	115.0
4726	2028.0	117.0
4727	2028.0	114.0
4728	2028.0	114.0
4729	2028.0	116.0
4730	2028.0	115.0
4731	2028.0	980.0
4732	2028.0	106.0
4733	2028.0	114.0
4734	1024.0	256.0
4735	2028.0	111.0
4736	2028.0	120.0
4737	2028.0	110.0
4738	2028.0	115.0
4739	2028.0	113.0
4740	2028.0	111.0
4741	2028.0	88.0
4742	2028.0	844.0
4743	2028.0	97.0
4744	2028.0	111.0
4745	1024.0	253.0
4746	2028.0	114.0
4747	2028.0	118.0
4748	2028.0	116.0
4749	2028.0	118.0
4750	2028.0	116.0
4751	2028.0	112.0
4752	2028.0	124.0
4753	2028.0	881.0
4754	2028.0	109.0
4755	2028.0	115.0
4756	1024.0	249.0
4757	2028.0	117.0
4758	2028.0	115.0
4759	2028.0	123.0
4760	2028.0	116.0
4761	2028.0	114.0
4762	2028.0	109.0
4763	2028.0	116.0
4764	2028.0	858.0
4765	2028.0	114.0
4766	2028.0	111.0
4767	1024.0	252.0
4768	2028.0	111.0
4769	2028.0	113.0
4770	2028.0	106.0
4771	2028.0	112.0
4772	2028.0	109.0
4773	2028.0	111.0
4774	2028.0	106.0
4775	2028.0	1091.0
4776	2028.0	115.0
4777	2028.0	115.0
4778	1024.0	274.0
4779	2028.0	117.0
4780	2028.0	114.0
4781	2028.0	116.0
4782	2028.0	116.0
4783	2028.0	115.0
4784	2028.0	116.0
4785	2028.0	115.0
4786	2028.0	864.0
4787	2028.0	116.0
4788	2028.0	115.0
4789	1024.0	254.0
4790	27.0	67.0
4791	27.0	67.0
4792	27.0	67.0
4793	27.0	67.0
4794	27.0	67.0
4795	27.0	67.0
4796	27.0	66.0
4797	27.0	67.0
4798	27.0	67.0
4799	27.0	67.0
4800	1024.0	126.0
4801	27.0	67.0
4802	27.0	67.0
4803	27.0	67.0
4804	27.0	67.0
4805	27.0	67.0
4806	27.0	66.0
4807	27.0	66.0
4808	27.0	67.0
4809	27.0	67.0
4810	27.0	66.0
4811	1024.0	123.0
4812	27.0	67.0
4813	27.0	67.0
4814	27.0	68.0
4815	27.0	67.0
4816	27.0	66.0
4817	27.0	67.0
4818	27.0	67.0
4819	27.0	66.0
4820	27.0	67.0
4821	27.0	65.0
4822	1024.0	121.0
4823	27.0	65.0
4824	27.0	64.0
4825	27.0	64.0
4826	27.0	64.0
4827	27.0	64.0
4828	27.0	64.0
4829	27.0	65.0
4830	27.0	64.0
4831	27.0	65.0
4832	27.0	67.0
4833	1024.0	122.0
4834	27.0	64.0
4835	27.0	63.0
4836	27.0	64.0
4837	27.0	64.0
4838	27.0	64.0
4839	27.0	65.0
4840	27.0	64.0
4841	27.0	64.0
4842	27.0	64.0
4843	27.0	65.0
4844	1024.0	119.0
4845	27.0	67.0
4846	27.0	66.0
4847	27.0	67.0
4848	27.0	65.0
4849	27.0	65.0
4850	27.0	66.0
4851	27.0	65.0
4852	27.0	66.0
4853	27.0	66.0
4854	27.0	66.0
4855	1024.0	126.0
4856	27.0	65.0
4857	27.0	66.0
4858	27.0	67.0
4859	27.0	66.0
4860	27.0	66.0
4861	27.0	65.0
4862	27.0	65.0
4863	27.0	65.0
4864	27.0	66.0
4865	27.0	63.0
4866	1024.0	115.0
4867	27.0	74.0
4868	27.0	69.0
4869	27.0	66.0
4870	27.0	67.0
4871	27.0	66.0
4872	27.0	65.0
4873	27.0	66.0
4874	27.0	65.0
4875	27.0	67.0
4876	27.0	66.0
4877	1024.0	119.0
4878	27.0	67.0
4879	27.0	67.0
4880	27.0	67.0
4881	27.0	67.0
4882	27.0	67.0
4883	27.0	68.0
4884	27.0	68.0
4885	27.0	67.0
4886	27.0	68.0
4887	27.0	67.0
4888	1024.0	125.0
4889	27.0	66.0
4890	27.0	67.0
4891	27.0	67.0
4892	27.0	66.0
4893	27.0	66.0
4894	27.0	67.0
4895	27.0	67.0
4896	27.0	67.0
4897	27.0	67.0
4898	27.0	67.0
4899	1024.0	122.0
4900	27.0	66.0
4901	27.0	67.0
4902	27.0	66.0
4903	27.0	67.0
4904	27.0	67.0
4905	27.0	67.0
4906	27.0	67.0
4907	27.0	67.0
4908	27.0	66.0
4909	27.0	68.0
4910	1024.0	128.0
4911	27.0	65.0
4912	27.0	65.0
4913	27.0	65.0
4914	27.0	65.0
4915	27.0	66.0
4916	27.0	65.0
4917	27.0	64.0
4918	27.0	66.0
4919	27.0	66.0
4920	27.0	66.0
4921	1024.0	127.0
4922	27.0	66.0
4923	27.0	66.0
4924	27.0	65.0
4925	27.0	65.0
4926	27.0	66.0
4927	27.0	66.0
4928	27.0	67.0
4929	27.0	66.0
4930	27.0	65.0
4931	27.0	66.0
4932	1024.0	124.0
4933	27.0	67.0
4934	27.0	65.0
4935	27.0	66.0
4936	27.0	67.0
4937	27.0	65.0
4938	27.0	68.0
4939	27.0	66.0
4940	27.0	67.0
4941	27.0	65.0
4942	27.0	67.0
4943	1024.0	111.0
4944	27.0	66.0
4945	27.0	63.0
4946	27.0	64.0
4947	27.0	64.0
4948	27.0	64.0
4949	27.0	64.0
4950	27.0	64.0
4951	27.0	64.0
4952	27.0	65.0
4953	27.0	66.0
4954	1024.0	122.0
4955	27.0	66.0
4956	27.0	66.0
4957	27.0	66.0
4958	27.0	66.0
4959	27.0	66.0
4960	27.0	66.0
4961	27.0	66.0
4962	27.0	66.0
4963	27.0	66.0
4964	27.0	64.0
4965	1024.0	109.0
4966	27.0	66.0
4967	27.0	65.0
4968	27.0	67.0
4969	27.0	66.0
4970	27.0	66.0
4971	27.0	66.0
4972	27.0	66.0
4973	27.0	66.0
4974	27.0	67.0
4975	27.0	67.0
4976	1024.0	129.0
4977	27.0	66.0
4978	27.0	66.0
4979	27.0	66.0
4980	27.0	66.0
4981	27.0	67.0
4982	27.0	67.0
4983	27.0	67.0
4984	27.0	67.0
4985	27.0	67.0
4986	27.0	64.0
4987	1024.0	113.0
4988	27.0	66.0
4989	27.0	66.0
4990	27.0	66.0
4991	27.0	67.0
4992	27.0	67.0
4993	27.0	67.0
4994	27.0	66.0
4995	27.0	67.0
4996	27.0	78.0
4997	27.0	66.0
4998	1024.0	115.0
4999	27.0	67.0
5000	27.0	66.0
5001	27.0	66.0
5002	27.0	66.0
5003	27.0	67.0
5004	27.0	66.0
5005	27.0	65.0
5006	27.0	65.0
5007	27.0	65.0
5008	27.0	64.0
5009	1024.0	112.0
5010	48.0	67.0
5011	48.0	66.0
5012	48.0	67.0
5013	48.0	67.0
5014	48.0	67.0
5015	48.0	67.0
5016	48.0	67.0
5017	48.0	65.0
5018	48.0	65.0
5019	48.0	66.0
5020	1024.0	136.0
5021	48.0	66.0
5022	48.0	67.0
5023	48.0	74.0
5024	48.0	65.0
5025	48.0	66.0
5026	48.0	65.0
5027	48.0	64.0
5028	48.0	66.0
5029	48.0	66.0
5030	48.0	66.0
5031	1024.0	123.0
5032	48.0	67.0
5033	48.0	66.0
5034	48.0	66.0
5035	48.0	66.0
5036	48.0	66.0
5037	48.0	66.0
5038	48.0	67.0
5039	48.0	64.0
5040	48.0	75.0
5041	48.0	67.0
5042	1024.0	138.0
5043	48.0	69.0
5044	48.0	68.0
5045	48.0	68.0
5046	48.0	68.0
5047	48.0	67.0
5048	48.0	68.0
5049	48.0	68.0
5050	48.0	68.0
5051	48.0	68.0
5052	48.0	68.0
5053	1024.0	144.0
5054	48.0	67.0
5055	48.0	67.0
5056	48.0	67.0
5057	48.0	68.0
5058	48.0	66.0
5059	48.0	67.0
5060	48.0	66.0
5061	48.0	67.0
5062	48.0	67.0
5063	48.0	67.0
5064	1024.0	141.0
5065	48.0	67.0
5066	48.0	67.0
5067	48.0	66.0
5068	48.0	67.0
5069	48.0	67.0
5070	48.0	67.0
5071	48.0	68.0
5072	48.0	67.0
5073	48.0	67.0
5074	48.0	65.0
5075	1024.0	143.0
5076	48.0	65.0
5077	48.0	66.0
5078	48.0	65.0
5079	48.0	65.0
5080	48.0	65.0
5081	48.0	64.0
5082	48.0	67.0
5083	48.0	66.0
5084	48.0	65.0
5085	48.0	65.0
5086	1024.0	140.0
5087	48.0	65.0
5088	48.0	66.0
5089	48.0	67.0
5090	48.0	65.0
5091	48.0	67.0
5092	48.0	66.0
5093	48.0	66.0
5094	48.0	66.0
5095	48.0	67.0
5096	48.0	66.0
5097	1024.0	135.0
5098	48.0	67.0
5099	48.0	68.0
5100	48.0	68.0
5101	48.0	68.0
5102	48.0	69.0
5103	48.0	66.0
5104	48.0	66.0
5105	48.0	66.0
5106	48.0	67.0
5107	48.0	66.0
5108	1024.0	146.0
5109	48.0	68.0
5110	48.0	69.0
5111	48.0	68.0
5112	48.0	67.0
5113	48.0	69.0
5114	48.0	67.0
5115	48.0	67.0
5116	48.0	67.0
5117	48.0	67.0
5118	48.0	66.0
5119	1024.0	120.0
5120	300.0	76.0
5121	300.0	74.0
5122	300.0	74.0
5123	300.0	73.0
5124	300.0	73.0
5125	300.0	74.0
5126	300.0	74.0
5127	300.0	829.0
5128	300.0	73.0
5129	300.0	74.0
5130	1024.0	147.0
5131	300.0	77.0
5132	300.0	77.0
5133	300.0	73.0
5134	300.0	75.0
5135	300.0	76.0
5136	300.0	75.0
5137	300.0	75.0
5138	300.0	979.0
5139	300.0	73.0
5140	300.0	74.0
5141	1024.0	163.0
5142	300.0	77.0
5143	300.0	75.0
5144	300.0	76.0
5145	300.0	74.0
5146	300.0	72.0
5147	300.0	76.0
5148	300.0	74.0
5149	300.0	869.0
5150	300.0	71.0
5151	300.0	73.0
5152	1024.0	163.0
5153	300.0	74.0
5154	300.0	75.0
5155	300.0	75.0
5156	300.0	74.0
5157	300.0	74.0
5158	300.0	75.0
5159	300.0	86.0
5160	300.0	902.0
5161	300.0	76.0
5162	300.0	74.0
5163	1024.0	167.0
5164	300.0	76.0
5165	300.0	74.0
5166	300.0	74.0
5167	300.0	75.0
5168	300.0	76.0
5169	300.0	74.0
5170	300.0	75.0
5171	300.0	871.0
5172	300.0	68.0
5173	300.0	76.0
5174	1024.0	165.0
5175	300.0	75.0
5176	300.0	75.0
5177	300.0	75.0
5178	300.0	74.0
5179	300.0	76.0
5180	300.0	74.0
5181	300.0	73.0
5182	300.0	905.0
5183	300.0	74.0
5184	300.0	71.0
5185	1024.0	162.0
5186	300.0	75.0
5187	300.0	74.0
5188	300.0	76.0
5189	300.0	77.0
5190	300.0	76.0
5191	300.0	76.0
5192	300.0	75.0
5193	300.0	971.0
5194	300.0	77.0
5195	300.0	75.0
5196	1024.0	170.0
5197	300.0	75.0
5198	300.0	75.0
5199	300.0	74.0
5200	300.0	75.0
5201	300.0	73.0
5202	300.0	75.0
5203	300.0	74.0
5204	300.0	831.0
5205	300.0	75.0
5206	300.0	74.0
5207	1024.0	163.0
5208	300.0	75.0
5209	300.0	76.0
5210	300.0	74.0
5211	300.0	74.0
5212	300.0	74.0
5213	300.0	75.0
5214	300.0	75.0
5215	300.0	890.0
5216	300.0	74.0
5217	300.0	75.0
5218	1024.0	161.0
5219	300.0	75.0
5220	300.0	75.0
5221	300.0	74.0
5222	300.0	75.0
5223	300.0	75.0
5224	300.0	75.0
5225	300.0	75.0
5226	300.0	893.0
5227	300.0	74.0
5228	300.0	75.0
5229	1024.0	167.0
5230	75.0	68.0
5231	75.0	69.0
5232	75.0	68.0
5233	75.0	68.0
5234	75.0	68.0
5235	75.0	68.0
5236	75.0	68.0
5237	75.0	68.0
5238	75.0	68.0
5239	75.0	69.0
5240	1024.0	154.0
5241	75.0	68.0
5242	75.0	68.0
5243	75.0	66.0
5244	75.0	67.0
5245	75.0	67.0
5246	75.0	68.0
5247	75.0	67.0
5248	75.0	68.0
5249	75.0	67.0
5250	75.0	65.0
5251	1024.0	151.0
5252	75.0	65.0
5253	75.0	65.0
5254	75.0	65.0
5255	75.0	65.0
5256	75.0	67.0
5257	75.0	68.0
5258	75.0	65.0
5259	75.0	67.0
5260	75.0	66.0
5261	75.0	65.0
5262	1024.0	146.0
5263	75.0	68.0
5264	75.0	68.0
5265	75.0	67.0
5266	75.0	68.0
5267	75.0	69.0
5268	75.0	69.0
5269	75.0	68.0
5270	75.0	68.0
5271	75.0	67.0
5272	75.0	68.0
5273	1024.0	139.0
5274	75.0	69.0
5275	75.0	68.0
5276	75.0	67.0
5277	75.0	69.0
5278	75.0	68.0
5279	75.0	67.0
5280	75.0	69.0
5281	75.0	67.0
5282	75.0	69.0
5283	75.0	68.0
5284	1024.0	149.0
5285	75.0	68.0
5286	75.0	67.0
5287	75.0	67.0
5288	75.0	67.0
5289	75.0	64.0
5290	75.0	67.0
5291	75.0	67.0
5292	75.0	67.0
5293	75.0	67.0
5294	75.0	67.0
5295	1024.0	139.0
5296	75.0	67.0
5297	75.0	67.0
5298	75.0	66.0
5299	75.0	67.0
5300	75.0	66.0
5301	75.0	66.0
5302	75.0	66.0
5303	75.0	68.0
5304	75.0	67.0
5305	75.0	65.0
5306	1024.0	143.0
5307	75.0	68.0
5308	75.0	68.0
5309	75.0	68.0
5310	75.0	69.0
5311	75.0	68.0
5312	75.0	68.0
5313	75.0	68.0
5314	75.0	67.0
5315	75.0	68.0
5316	75.0	67.0
5317	1024.0	139.0
5318	75.0	69.0
5319	75.0	68.0
5320	75.0	68.0
5321	75.0	69.0
5322	75.0	68.0
5323	75.0	68.0
5324	75.0	67.0
5325	75.0	68.0
5326	75.0	69.0
5327	75.0	68.0
5328	1024.0	143.0
5329	75.0	67.0
5330	75.0	66.0
5331	75.0	67.0
5332	75.0	68.0
5333	75.0	67.0
5334	75.0	68.0
5335	75.0	70.0
5336	75.0	69.0
5337	75.0	68.0
5338	75.0	68.0
5339	1024.0	145.0
