	trunc_coeff	time_cost
0	10.0	67.0
1	10.0	66.0
2	10.0	66.0
3	10.0	66.0
4	10.0	67.0
5	10.0	68.0
6	10.0	67.0
7	10.0	68.0
8	10.0	68.0
9	10.0	67.0
10	10.0	66.0
11	10.0	68.0
12	10.0	66.0
13	10.0	65.0
14	10.0	67.0
15	10.0	67.0
16	10.0	68.0
17	10.0	67.0
18	10.0	67.0
19	10.0	68.0
20	200704.0	3333.0
21	802816.0	11592.0
22	802816.0	12325.0
23	802816.0	11687.0
24	401408.0	5545.0
25	100352.0	1908.0
26	401408.0	6523.0
27	401408.0	5545.0
28	401408.0	6443.0
29	200704.0	3723.0
30	200704.0	2917.0
31	200704.0	3074.0
32	200704.0	3710.0
33	200704.0	2896.0
34	200704.0	2997.0
35	100352.0	2020.0
36	100352.0	1162.0
37	100352.0	1941.0
38	200704.0	3179.0
39	802816.0	11744.0
40	802816.0	12214.0
41	802816.0	11736.0
42	401408.0	5553.0
43	100352.0	1821.0
44	401408.0	6424.0
45	401408.0	5689.0
46	401408.0	6308.0
47	200704.0	3637.0
48	200704.0	2850.0
49	200704.0	2846.0
50	200704.0	3545.0
51	200704.0	2892.0
52	200704.0	3011.0
53	100352.0	1847.0
54	100352.0	1168.0
55	100352.0	1816.0
56	200704.0	3297.0
57	802816.0	11814.0
58	802816.0	12597.0
59	802816.0	11638.0
60	401408.0	5551.0
61	100352.0	1811.0
62	401408.0	6446.0
63	401408.0	5484.0
64	401408.0	6435.0
65	200704.0	3678.0
66	200704.0	2974.0
67	200704.0	2871.0
68	200704.0	3722.0
69	200704.0	2910.0
70	200704.0	2879.0
71	100352.0	1988.0
72	100352.0	1230.0
73	100352.0	1976.0
74	200704.0	3359.0
75	802816.0	12107.0
76	802816.0	12828.0
77	802816.0	12150.0
78	401408.0	5586.0
79	100352.0	1887.0
80	401408.0	6473.0
81	401408.0	5554.0
82	401408.0	6323.0
83	200704.0	3683.0
84	200704.0	3163.0
85	200704.0	3062.0
86	200704.0	3760.0
87	200704.0	3047.0
88	200704.0	2840.0
89	100352.0	1929.0
90	100352.0	1175.0
91	100352.0	1796.0
92	200704.0	3050.0
93	802816.0	11685.0
94	802816.0	12325.0
95	802816.0	11909.0
96	401408.0	5914.0
97	100352.0	1950.0
98	401408.0	6344.0
99	401408.0	5674.0
100	401408.0	6526.0
101	200704.0	3751.0
102	200704.0	2877.0
103	200704.0	2912.0
104	200704.0	3683.0
105	200704.0	3011.0
106	200704.0	2974.0
107	100352.0	1946.0
108	100352.0	1125.0
109	100352.0	1869.0
110	200704.0	3281.0
111	802816.0	12136.0
112	802816.0	12503.0
113	802816.0	12112.0
114	401408.0	5636.0
115	100352.0	2007.0
116	401408.0	6382.0
117	401408.0	5829.0
118	401408.0	6420.0
119	200704.0	3792.0
120	200704.0	3078.0
121	200704.0	3032.0
122	200704.0	3977.0
123	200704.0	2928.0
124	200704.0	2994.0
125	100352.0	2038.0
126	100352.0	1218.0
127	100352.0	1883.0
128	200704.0	3128.0
129	802816.0	11995.0
130	802816.0	12401.0
131	802816.0	12024.0
132	401408.0	5815.0
133	100352.0	1894.0
134	401408.0	6581.0
135	401408.0	5717.0
136	401408.0	6616.0
137	200704.0	3751.0
138	200704.0	2914.0
139	200704.0	2895.0
140	200704.0	3819.0
141	200704.0	3122.0
142	200704.0	3014.0
143	100352.0	1806.0
144	100352.0	1336.0
145	100352.0	1886.0
146	200704.0	3081.0
147	802816.0	12342.0
148	802816.0	12959.0
149	802816.0	12391.0
150	401408.0	5959.0
151	100352.0	1970.0
152	401408.0	6701.0
153	401408.0	5826.0
154	401408.0	6490.0
155	200704.0	3809.0
156	200704.0	2899.0
157	200704.0	3099.0
158	200704.0	3670.0
159	200704.0	2943.0
160	200704.0	3001.0
161	100352.0	1918.0
162	100352.0	1174.0
163	100352.0	1843.0
164	200704.0	3309.0
165	802816.0	12178.0
166	802816.0	12957.0
167	802816.0	12081.0
168	401408.0	5577.0
169	100352.0	1991.0
170	401408.0	6933.0
171	401408.0	5825.0
172	401408.0	6438.0
173	200704.0	3772.0
174	200704.0	2980.0
175	200704.0	3068.0
176	200704.0	3759.0
177	200704.0	3021.0
178	200704.0	3050.0
179	100352.0	1942.0
180	100352.0	1206.0
181	100352.0	1854.0
182	200704.0	3275.0
183	802816.0	12070.0
184	802816.0	12863.0
185	802816.0	11573.0
186	401408.0	5609.0
187	100352.0	1863.0
188	401408.0	6302.0
189	401408.0	5633.0
190	401408.0	6307.0
191	200704.0	3653.0
192	200704.0	2855.0
193	200704.0	2945.0
194	200704.0	3674.0
195	200704.0	2841.0
196	200704.0	2888.0
197	100352.0	1857.0
198	100352.0	1137.0
199	100352.0	1847.0
200	100352.0	1855.0
201	100352.0	1185.0
202	100352.0	1867.0
203	100352.0	1824.0
204	100352.0	1915.0
205	100352.0	1893.0
206	100352.0	1942.0
207	25088.0	359.0
208	25088.0	410.0
209	25088.0	418.0
210	100352.0	1186.0
211	25088.0	468.0
212	25088.0	401.0
213	25088.0	421.0
214	25088.0	401.0
215	25088.0	410.0
216	25088.0	1106.0
217	25088.0	417.0
218	25088.0	419.0
219	25088.0	355.0
220	50176.0	1405.0
221	6272.0	167.0
222	6272.0	201.0
223	6272.0	198.0
224	6272.0	200.0
225	6272.0	202.0
226	6272.0	198.0
227	6272.0	214.0
228	6272.0	204.0
229	6272.0	197.0
230	6272.0	205.0
231	6272.0	198.0
232	6272.0	194.0
233	6272.0	1090.0
234	6272.0	166.0
235	6272.0	176.0
236	6272.0	182.0
237	6272.0	206.0
238	6272.0	199.0
239	6272.0	173.0
240	6272.0	192.0
241	6272.0	210.0
242	6272.0	202.0
243	6272.0	184.0
244	6272.0	204.0
245	25088.0	340.0
246	1568.0	103.0
247	1568.0	109.0
248	1568.0	111.0
249	1568.0	112.0
250	1568.0	111.0
251	1568.0	111.0
252	1568.0	111.0
253	1568.0	113.0
254	1568.0	102.0
255	1568.0	118.0
256	1568.0	107.0
257	1568.0	91.0
258	1568.0	101.0
259	1568.0	113.0
260	1568.0	112.0
261	1568.0	111.0
262	100352.0	1876.0
263	100352.0	1189.0
264	100352.0	2029.0
265	100352.0	1869.0
266	100352.0	1891.0
267	100352.0	1889.0
268	100352.0	2146.0
269	25088.0	413.0
270	25088.0	350.0
271	25088.0	394.0
272	100352.0	1223.0
273	25088.0	399.0
274	25088.0	395.0
275	25088.0	483.0
276	25088.0	404.0
277	25088.0	412.0
278	25088.0	1101.0
279	25088.0	402.0
280	25088.0	406.0
281	25088.0	413.0
282	50176.0	1499.0
283	6272.0	214.0
284	6272.0	200.0
285	6272.0	207.0
286	6272.0	199.0
287	6272.0	203.0
288	6272.0	199.0
289	6272.0	202.0
290	6272.0	199.0
291	6272.0	202.0
292	6272.0	198.0
293	6272.0	201.0
294	6272.0	181.0
295	6272.0	926.0
296	6272.0	210.0
297	6272.0	194.0
298	6272.0	188.0
299	6272.0	198.0
300	6272.0	148.0
301	6272.0	178.0
302	6272.0	205.0
303	6272.0	189.0
304	6272.0	209.0
305	6272.0	197.0
306	6272.0	197.0
307	25088.0	348.0
308	1568.0	111.0
309	1568.0	112.0
310	1568.0	109.0
311	1568.0	109.0
312	1568.0	101.0
313	1568.0	89.0
314	1568.0	111.0
315	1568.0	101.0
316	1568.0	110.0
317	1568.0	107.0
318	1568.0	103.0
319	1568.0	101.0
320	1568.0	110.0
321	1568.0	112.0
322	1568.0	103.0
323	1568.0	107.0
324	100352.0	1850.0
325	100352.0	1177.0
326	100352.0	1854.0
327	100352.0	1880.0
328	100352.0	1868.0
329	100352.0	1861.0
330	100352.0	2207.0
331	25088.0	355.0
332	25088.0	402.0
333	25088.0	392.0
334	100352.0	1293.0
335	25088.0	402.0
336	25088.0	330.0
337	25088.0	417.0
338	25088.0	391.0
339	25088.0	381.0
340	25088.0	1078.0
341	25088.0	413.0
342	25088.0	422.0
343	25088.0	484.0
344	50176.0	1309.0
345	6272.0	191.0
346	6272.0	203.0
347	6272.0	199.0
348	6272.0	198.0
349	6272.0	200.0
350	6272.0	201.0
351	6272.0	197.0
352	6272.0	184.0
353	6272.0	136.0
354	6272.0	199.0
355	6272.0	199.0
356	6272.0	195.0
357	6272.0	998.0
358	6272.0	197.0
359	6272.0	184.0
360	6272.0	192.0
361	6272.0	199.0
362	6272.0	138.0
363	6272.0	168.0
364	6272.0	196.0
365	6272.0	186.0
366	6272.0	196.0
367	6272.0	191.0
368	6272.0	198.0
369	25088.0	369.0
370	1568.0	100.0
371	1568.0	109.0
372	1568.0	112.0
373	1568.0	87.0
374	1568.0	108.0
375	1568.0	113.0
376	1568.0	108.0
377	1568.0	95.0
378	1568.0	111.0
379	1568.0	102.0
380	1568.0	111.0
381	1568.0	101.0
382	1568.0	111.0
383	1568.0	108.0
384	1568.0	86.0
385	1568.0	98.0
386	100352.0	1830.0
387	100352.0	1277.0
388	100352.0	1941.0
389	100352.0	1825.0
390	100352.0	1836.0
391	100352.0	1978.0
392	100352.0	1923.0
393	25088.0	390.0
394	25088.0	431.0
395	25088.0	374.0
396	100352.0	1180.0
397	25088.0	398.0
398	25088.0	376.0
399	25088.0	408.0
400	25088.0	398.0
401	25088.0	423.0
402	25088.0	1065.0
403	25088.0	421.0
404	25088.0	384.0
405	25088.0	411.0
406	50176.0	1314.0
407	6272.0	199.0
408	6272.0	143.0
409	6272.0	199.0
410	6272.0	203.0
411	6272.0	200.0
412	6272.0	198.0
413	6272.0	199.0
414	6272.0	199.0
415	6272.0	198.0
416	6272.0	199.0
417	6272.0	196.0
418	6272.0	177.0
419	6272.0	854.0
420	6272.0	181.0
421	6272.0	193.0
422	6272.0	191.0
423	6272.0	196.0
424	6272.0	137.0
425	6272.0	187.0
426	6272.0	197.0
427	6272.0	193.0
428	6272.0	200.0
429	6272.0	200.0
430	6272.0	140.0
431	25088.0	401.0
432	1568.0	107.0
433	1568.0	111.0
434	1568.0	110.0
435	1568.0	110.0
436	1568.0	107.0
437	1568.0	101.0
438	1568.0	111.0
439	1568.0	85.0
440	1568.0	112.0
441	1568.0	92.0
442	1568.0	108.0
443	1568.0	110.0
444	1568.0	87.0
445	1568.0	112.0
446	1568.0	109.0
447	1568.0	113.0
448	100352.0	1971.0
449	100352.0	1218.0
450	100352.0	1905.0
451	100352.0	1888.0
452	100352.0	1870.0
453	100352.0	1919.0
454	100352.0	2050.0
455	25088.0	379.0
456	25088.0	374.0
457	25088.0	374.0
458	100352.0	1198.0
459	25088.0	392.0
460	25088.0	406.0
461	25088.0	407.0
462	25088.0	410.0
463	25088.0	410.0
464	25088.0	1127.0
465	25088.0	409.0
466	25088.0	422.0
467	25088.0	405.0
468	50176.0	1443.0
469	6272.0	212.0
470	6272.0	136.0
471	6272.0	199.0
472	6272.0	204.0
473	6272.0	182.0
474	6272.0	203.0
475	6272.0	201.0
476	6272.0	201.0
477	6272.0	198.0
478	6272.0	193.0
479	6272.0	199.0
480	6272.0	203.0
481	6272.0	961.0
482	6272.0	195.0
483	6272.0	200.0
484	6272.0	202.0
485	6272.0	203.0
486	6272.0	200.0
487	6272.0	204.0
488	6272.0	210.0
489	6272.0	146.0
490	6272.0	170.0
491	6272.0	199.0
492	6272.0	201.0
493	25088.0	414.0
494	1568.0	112.0
495	1568.0	113.0
496	1568.0	100.0
497	1568.0	109.0
498	1568.0	113.0
499	1568.0	113.0
500	1568.0	114.0
501	1568.0	114.0
502	1568.0	109.0
503	1568.0	110.0
504	1568.0	111.0
505	1568.0	105.0
506	1568.0	113.0
507	1568.0	100.0
508	1568.0	111.0
509	1568.0	113.0
510	100352.0	1843.0
511	100352.0	1221.0
512	100352.0	1891.0
513	100352.0	2121.0
514	100352.0	1874.0
515	100352.0	2057.0
516	100352.0	1868.0
517	25088.0	420.0
518	25088.0	410.0
519	25088.0	377.0
520	100352.0	1198.0
521	25088.0	367.0
522	25088.0	416.0
523	25088.0	407.0
524	25088.0	407.0
525	25088.0	404.0
526	25088.0	1098.0
527	25088.0	405.0
528	25088.0	431.0
529	25088.0	383.0
530	50176.0	1411.0
531	6272.0	197.0
532	6272.0	200.0
533	6272.0	199.0
534	6272.0	192.0
535	6272.0	196.0
536	6272.0	204.0
537	6272.0	143.0
538	6272.0	197.0
539	6272.0	200.0
540	6272.0	194.0
541	6272.0	199.0
542	6272.0	205.0
543	6272.0	980.0
544	6272.0	150.0
545	6272.0	203.0
546	6272.0	195.0
547	6272.0	193.0
548	6272.0	194.0
549	6272.0	201.0
550	6272.0	175.0
551	6272.0	201.0
552	6272.0	171.0
553	6272.0	194.0
554	6272.0	196.0
555	25088.0	375.0
556	1568.0	108.0
557	1568.0	111.0
558	1568.0	106.0
559	1568.0	104.0
560	1568.0	112.0
561	1568.0	103.0
562	1568.0	109.0
563	1568.0	104.0
564	1568.0	107.0
565	1568.0	108.0
566	1568.0	110.0
567	1568.0	104.0
568	1568.0	106.0
569	1568.0	109.0
570	1568.0	98.0
571	1568.0	108.0
572	100352.0	1820.0
573	100352.0	1285.0
574	100352.0	1811.0
575	100352.0	1968.0
576	100352.0	1881.0
577	100352.0	1844.0
578	100352.0	1946.0
579	25088.0	409.0
580	25088.0	370.0
581	25088.0	415.0
582	100352.0	1185.0
583	25088.0	410.0
584	25088.0	412.0
585	25088.0	411.0
586	25088.0	445.0
587	25088.0	400.0
588	25088.0	1083.0
589	25088.0	391.0
590	25088.0	380.0
591	25088.0	413.0
592	50176.0	1427.0
593	6272.0	193.0
594	6272.0	193.0
595	6272.0	162.0
596	6272.0	182.0
597	6272.0	193.0
598	6272.0	187.0
599	6272.0	177.0
600	6272.0	202.0
601	6272.0	198.0
602	6272.0	204.0
603	6272.0	192.0
604	6272.0	185.0
605	6272.0	901.0
606	6272.0	197.0
607	6272.0	197.0
608	6272.0	204.0
609	6272.0	205.0
610	6272.0	198.0
611	6272.0	176.0
612	6272.0	176.0
613	6272.0	201.0
614	6272.0	175.0
615	6272.0	192.0
616	6272.0	197.0
617	25088.0	370.0
618	1568.0	86.0
619	1568.0	104.0
620	1568.0	111.0
621	1568.0	95.0
622	1568.0	108.0
623	1568.0	96.0
624	1568.0	97.0
625	1568.0	111.0
626	1568.0	109.0
627	1568.0	113.0
628	1568.0	100.0
629	1568.0	105.0
630	1568.0	111.0
631	1568.0	114.0
632	1568.0	109.0
633	1568.0	111.0
634	100352.0	1828.0
635	100352.0	1222.0
636	100352.0	1976.0
637	100352.0	2004.0
638	100352.0	1958.0
639	100352.0	1844.0
640	100352.0	2015.0
641	25088.0	408.0
642	25088.0	417.0
643	25088.0	410.0
644	100352.0	1155.0
645	25088.0	417.0
646	25088.0	417.0
647	25088.0	383.0
648	25088.0	418.0
649	25088.0	387.0
650	25088.0	1142.0
651	25088.0	416.0
652	25088.0	411.0
653	25088.0	421.0
654	50176.0	1646.0
655	6272.0	200.0
656	6272.0	197.0
657	6272.0	202.0
658	6272.0	162.0
659	6272.0	139.0
660	6272.0	198.0
661	6272.0	166.0
662	6272.0	160.0
663	6272.0	195.0
664	6272.0	200.0
665	6272.0	174.0
666	6272.0	161.0
667	6272.0	985.0
668	6272.0	202.0
669	6272.0	200.0
670	6272.0	200.0
671	6272.0	198.0
672	6272.0	186.0
673	6272.0	151.0
674	6272.0	153.0
675	6272.0	183.0
676	6272.0	193.0
677	6272.0	180.0
678	6272.0	202.0
679	25088.0	441.0
680	1568.0	110.0
681	1568.0	107.0
682	1568.0	107.0
683	1568.0	112.0
684	1568.0	106.0
685	1568.0	108.0
686	1568.0	112.0
687	1568.0	107.0
688	1568.0	88.0
689	1568.0	92.0
690	1568.0	116.0
691	1568.0	105.0
692	1568.0	92.0
693	1568.0	112.0
694	1568.0	112.0
695	1568.0	113.0
696	100352.0	1946.0
697	100352.0	1164.0
698	100352.0	1877.0
699	100352.0	1861.0
700	100352.0	1986.0
701	100352.0	1925.0
702	100352.0	1949.0
703	25088.0	415.0
704	25088.0	485.0
705	25088.0	403.0
706	100352.0	1193.0
707	25088.0	419.0
708	25088.0	420.0
709	25088.0	324.0
710	25088.0	408.0
711	25088.0	402.0
712	25088.0	1087.0
713	25088.0	408.0
714	25088.0	413.0
715	25088.0	473.0
716	50176.0	1275.0
717	6272.0	199.0
718	6272.0	169.0
719	6272.0	200.0
720	6272.0	196.0
721	6272.0	198.0
722	6272.0	193.0
723	6272.0	175.0
724	6272.0	193.0
725	6272.0	181.0
726	6272.0	203.0
727	6272.0	190.0
728	6272.0	170.0
729	6272.0	881.0
730	6272.0	205.0
731	6272.0	197.0
732	6272.0	176.0
733	6272.0	177.0
734	6272.0	202.0
735	6272.0	205.0
736	6272.0	168.0
737	6272.0	198.0
738	6272.0	193.0
739	6272.0	190.0
740	6272.0	195.0
741	25088.0	426.0
742	1568.0	109.0
743	1568.0	101.0
744	1568.0	110.0
745	1568.0	113.0
746	1568.0	111.0
747	1568.0	113.0
748	1568.0	102.0
749	1568.0	109.0
750	1568.0	108.0
751	1568.0	110.0
752	1568.0	109.0
753	1568.0	108.0
754	1568.0	108.0
755	1568.0	94.0
756	1568.0	111.0
757	1568.0	108.0
758	100352.0	1880.0
759	100352.0	1198.0
760	100352.0	1988.0
761	100352.0	1816.0
762	100352.0	1970.0
763	100352.0	1984.0
764	100352.0	2192.0
765	25088.0	343.0
766	25088.0	422.0
767	25088.0	405.0
768	100352.0	1258.0
769	25088.0	417.0
770	25088.0	371.0
771	25088.0	411.0
772	25088.0	409.0
773	25088.0	378.0
774	25088.0	1114.0
775	25088.0	390.0
776	25088.0	420.0
777	25088.0	406.0
778	50176.0	1472.0
779	6272.0	196.0
780	6272.0	198.0
781	6272.0	190.0
782	6272.0	188.0
783	6272.0	190.0
784	6272.0	194.0
785	6272.0	197.0
786	6272.0	194.0
787	6272.0	202.0
788	6272.0	202.0
789	6272.0	142.0
790	6272.0	199.0
791	6272.0	990.0
792	6272.0	190.0
793	6272.0	202.0
794	6272.0	182.0
795	6272.0	199.0
796	6272.0	199.0
797	6272.0	201.0
798	6272.0	213.0
799	6272.0	205.0
800	6272.0	198.0
801	6272.0	207.0
802	6272.0	192.0
803	25088.0	378.0
804	1568.0	111.0
805	1568.0	110.0
806	1568.0	114.0
807	1568.0	106.0
808	1568.0	113.0
809	1568.0	86.0
810	1568.0	104.0
811	1568.0	110.0
812	1568.0	110.0
813	1568.0	109.0
814	1568.0	112.0
815	1568.0	110.0
816	1568.0	112.0
817	1568.0	104.0
818	1568.0	111.0
819	1568.0	112.0
820	10.0	65.0
821	10.0	67.0
822	10.0	68.0
823	10.0	67.0
824	10.0	68.0
825	10.0	67.0
826	10.0	67.0
827	10.0	68.0
828	10.0	67.0
829	10.0	67.0
830	10.0	66.0
831	10.0	66.0
832	10.0	67.0
833	10.0	66.0
834	10.0	67.0
835	10.0	67.0
836	10.0	67.0
837	10.0	67.0
838	10.0	66.0
839	10.0	70.0
840	10.0	75.0
841	10.0	76.0
842	10.0	73.0
843	10.0	74.0
844	10.0	74.0
845	10.0	74.0
846	10.0	74.0
847	10.0	74.0
848	10.0	75.0
849	10.0	74.0
850	10.0	73.0
851	10.0	67.0
852	10.0	67.0
853	10.0	72.0
854	10.0	68.0
855	10.0	67.0
856	10.0	67.0
857	10.0	66.0
858	10.0	66.0
859	10.0	66.0
860	10.0	66.0
861	10.0	65.0
862	10.0	66.0
863	10.0	70.0
864	10.0	67.0
865	10.0	67.0
866	10.0	68.0
867	10.0	67.0
868	10.0	67.0
869	10.0	65.0
870	10.0	67.0
871	10.0	69.0
872	10.0	67.0
873	10.0	67.0
874	10.0	67.0
875	10.0	68.0
876	10.0	67.0
877	10.0	73.0
878	10.0	67.0
879	10.0	67.0
880	10.0	74.0
881	10.0	75.0
882	10.0	74.0
883	10.0	74.0
884	10.0	74.0
885	10.0	74.0
886	10.0	75.0
887	10.0	75.0
888	10.0	73.0
889	10.0	72.0
890	10.0	66.0
891	10.0	67.0
892	10.0	67.0
893	10.0	67.0
894	10.0	66.0
895	10.0	66.0
896	10.0	66.0
897	10.0	65.0
898	10.0	68.0
899	10.0	66.0
900	10.0	67.0
901	10.0	75.0
902	10.0	65.0
903	10.0	67.0
904	10.0	66.0
905	10.0	73.0
906	10.0	67.0
907	10.0	65.0
908	10.0	65.0
909	10.0	74.0
910	10.0	65.0
911	10.0	68.0
912	10.0	68.0
913	10.0	66.0
914	10.0	66.0
915	10.0	65.0
916	10.0	69.0
917	10.0	65.0
918	10.0	68.0
919	10.0	67.0
920	10.0	66.0
921	10.0	66.0
922	10.0	67.0
923	10.0	68.0
924	10.0	67.0
925	10.0	66.0
926	10.0	67.0
927	10.0	65.0
928	10.0	68.0
929	10.0	67.0
930	10.0	67.0
931	10.0	68.0
932	10.0	66.0
933	10.0	68.0
934	10.0	67.0
935	10.0	66.0
936	10.0	65.0
937	10.0	67.0
938	10.0	66.0
939	10.0	66.0
940	10.0	66.0
941	10.0	68.0
942	10.0	67.0
943	10.0	67.0
944	10.0	67.0
945	10.0	66.0
946	10.0	68.0
947	10.0	67.0
948	10.0	68.0
949	10.0	68.0
950	10.0	67.0
951	10.0	65.0
952	10.0	65.0
953	10.0	67.0
954	10.0	66.0
955	10.0	67.0
956	10.0	66.0
957	10.0	68.0
958	10.0	66.0
959	10.0	67.0
960	10.0	66.0
961	10.0	68.0
962	10.0	67.0
963	10.0	65.0
964	10.0	66.0
965	10.0	66.0
966	10.0	67.0
967	10.0	67.0
968	10.0	67.0
969	10.0	66.0
970	10.0	65.0
971	10.0	65.0
972	10.0	66.0
973	10.0	64.0
974	10.0	66.0
975	10.0	66.0
976	10.0	66.0
977	10.0	66.0
978	10.0	65.0
979	10.0	67.0
980	10.0	67.0
981	10.0	67.0
982	10.0	67.0
983	10.0	67.0
984	10.0	65.0
985	10.0	66.0
986	10.0	67.0
987	10.0	66.0
988	10.0	67.0
989	10.0	66.0
990	10.0	66.0
991	10.0	68.0
992	10.0	65.0
993	10.0	67.0
994	10.0	67.0
995	10.0	66.0
996	10.0	68.0
997	10.0	65.0
998	10.0	67.0
999	10.0	67.0
1000	512.0	80.0
1001	512.0	75.0
1002	512.0	71.0
1003	512.0	77.0
1004	512.0	81.0
1005	512.0	79.0
1006	512.0	74.0
1007	512.0	80.0
1008	512.0	72.0
1009	512.0	80.0
1010	12544.0	269.0
1011	128.0	67.0
1012	12544.0	246.0
1013	128.0	69.0
1014	12544.0	249.0
1015	128.0	69.0
1016	12544.0	274.0
1017	128.0	69.0
1018	12544.0	248.0
1019	128.0	69.0
1020	12544.0	243.0
1021	128.0	75.0
1022	12544.0	210.0
1023	128.0	69.0
1024	12544.0	292.0
1025	128.0	69.0
1026	12544.0	273.0
1027	128.0	70.0
1028	12544.0	282.0
1029	128.0	70.0
1030	86528.0	1875.0
1031	86528.0	1817.0
1032	86528.0	1778.0
1033	86528.0	2006.0
1034	86528.0	1836.0
1035	86528.0	1823.0
1036	86528.0	1934.0
1037	86528.0	1865.0
1038	86528.0	1839.0
1039	86528.0	1925.0
1040	190096.0	3007.0
1041	256.0	72.0
1042	128.0	65.0
1043	190096.0	2907.0
1044	256.0	74.0
1045	128.0	69.0
1046	190096.0	3004.0
1047	256.0	73.0
1048	128.0	70.0
1049	190096.0	2877.0
1050	256.0	68.0
1051	128.0	68.0
1052	190096.0	3053.0
1053	256.0	74.0
1054	128.0	70.0
1055	190096.0	2889.0
1056	256.0	70.0
1057	128.0	67.0
1058	190096.0	2920.0
1059	256.0	72.0
1060	128.0	68.0
1061	190096.0	3004.0
1062	256.0	72.0
1063	128.0	69.0
1064	190096.0	2891.0
1065	256.0	74.0
1066	128.0	69.0
1067	190096.0	3180.0
1068	256.0	74.0
1069	128.0	69.0
1070	197136.0	3172.0
1071	197136.0	3137.0
1072	197136.0	3153.0
1073	197136.0	3043.0
1074	197136.0	3008.0
1075	197136.0	3272.0
1076	197136.0	2882.0
1077	197136.0	3024.0
1078	197136.0	3140.0
1079	197136.0	3086.0
1080	48400.0	706.0
1081	2304.0	120.0
1082	48400.0	638.0
1083	2304.0	110.0
1084	48400.0	629.0
1085	2304.0	126.0
1086	48400.0	631.0
1087	2304.0	118.0
1088	48400.0	650.0
1089	2304.0	121.0
1090	48400.0	650.0
1091	2304.0	130.0
1092	48400.0	653.0
1093	2304.0	113.0
1094	48400.0	628.0
1095	2304.0	113.0
1096	48400.0	627.0
1097	2304.0	127.0
1098	48400.0	669.0
1099	2304.0	123.0
1100	200704.0	2986.0
1101	2704.0	130.0
1102	200704.0	2982.0
1103	2704.0	132.0
1104	200704.0	2883.0
1105	2704.0	129.0
1106	200704.0	2858.0
1107	2704.0	98.0
1108	200704.0	3180.0
1109	2704.0	131.0
1110	200704.0	2914.0
1111	2704.0	114.0
1112	200704.0	2888.0
1113	2704.0	132.0
1114	200704.0	2981.0
1115	2704.0	103.0
1116	200704.0	3017.0
1117	2704.0	129.0
1118	200704.0	2971.0
1119	2704.0	130.0
1120	1296.0	100.0
1121	1296.0	101.0
1122	1296.0	90.0
1123	1296.0	95.0
1124	1296.0	94.0
1125	1296.0	109.0
1126	1296.0	100.0
1127	1296.0	95.0
1128	1296.0	91.0
1129	1296.0	102.0
1130	10.0	66.0
1131	10.0	68.0
1132	10.0	67.0
1133	10.0	68.0
1134	10.0	68.0
1135	10.0	66.0
1136	10.0	66.0
1137	10.0	67.0
1138	10.0	70.0
1139	10.0	65.0
1140	10.0	66.0
1141	10.0	66.0
1142	10.0	66.0
1143	10.0	67.0
1144	10.0	67.0
1145	10.0	67.0
1146	10.0	68.0
1147	10.0	64.0
1148	10.0	65.0
1149	10.0	67.0
1150	10.0	65.0
1151	10.0	65.0
1152	10.0	69.0
1153	10.0	68.0
1154	10.0	66.0
1155	10.0	66.0
1156	10.0	68.0
1157	10.0	66.0
1158	10.0	67.0
1159	10.0	66.0
1160	10.0	69.0
1161	10.0	64.0
1162	10.0	67.0
1163	10.0	67.0
1164	10.0	67.0
1165	10.0	67.0
1166	10.0	66.0
1167	10.0	66.0
1168	10.0	66.0
1169	10.0	68.0
1170	10.0	67.0
1171	10.0	66.0
1172	10.0	66.0
1173	10.0	66.0
1174	10.0	65.0
1175	10.0	71.0
1176	10.0	74.0
1177	10.0	66.0
1178	10.0	72.0
1179	10.0	66.0
1180	10.0	66.0
1181	10.0	71.0
1182	10.0	72.0
1183	10.0	71.0
1184	10.0	72.0
1185	10.0	73.0
1186	10.0	73.0
1187	10.0	67.0
1188	10.0	68.0
1189	10.0	73.0
1190	10.0	66.0
1191	10.0	69.0
1192	10.0	66.0
1193	10.0	66.0
1194	10.0	67.0
1195	10.0	67.0
1196	10.0	66.0
1197	10.0	67.0
1198	10.0	67.0
1199	10.0	67.0
1200	10.0	66.0
1201	10.0	67.0
1202	10.0	68.0
1203	10.0	66.0
1204	10.0	67.0
1205	10.0	66.0
1206	10.0	66.0
1207	10.0	68.0
1208	10.0	67.0
1209	10.0	67.0
1210	10.0	67.0
1211	10.0	66.0
1212	10.0	67.0
1213	10.0	67.0
1214	10.0	67.0
1215	10.0	69.0
1216	10.0	65.0
1217	10.0	68.0
1218	10.0	67.0
1219	10.0	67.0
1220	10.0	67.0
1221	10.0	67.0
1222	10.0	66.0
1223	10.0	66.0
1224	10.0	66.0
1225	10.0	66.0
1226	10.0	65.0
1227	10.0	67.0
1228	10.0	66.0
1229	10.0	66.0
1230	10.0	67.0
1231	10.0	74.0
1232	10.0	66.0
1233	10.0	72.0
1234	10.0	65.0
1235	10.0	66.0
1236	10.0	66.0
1237	10.0	66.0
1238	10.0	67.0
1239	10.0	67.0
1240	10.0	65.0
1241	10.0	66.0
1242	10.0	66.0
1243	10.0	68.0
1244	10.0	67.0
1245	10.0	68.0
1246	10.0	66.0
1247	10.0	66.0
1248	10.0	69.0
1249	10.0	67.0
1250	10.0	64.0
1251	10.0	67.0
1252	10.0	67.0
1253	10.0	68.0
1254	10.0	67.0
1255	10.0	68.0
1256	10.0	67.0
1257	10.0	67.0
1258	10.0	67.0
1259	10.0	67.0
1260	10.0	67.0
1261	10.0	67.0
1262	10.0	67.0
1263	10.0	65.0
1264	10.0	67.0
1265	10.0	66.0
1266	10.0	66.0
1267	10.0	66.0
1268	10.0	67.0
1269	10.0	65.0
